city,»’∆⁄,÷ ¡øµ»º∂,AQI÷∏ ˝,µ±ÃÏAQI≈≈√˚,PM2.5,PM10,So2,No2,Co,O3
qitaihe,2016-01-01,«·∂»Œ€»æ,137,231,103,130,42,37,1.60,41
qitaihe,2016-01-02,«·∂»Œ€»æ,113,156,84,103,26,16,1.17,49
qitaihe,2016-01-03,¡º,77,87,56,64,21,17,0.92,45
qitaihe,2016-01-04,¡º,86,154,63,68,22,18,0.96,51
qitaihe,2016-01-05,”≈,48,82,30,40,22,16,0.75,51
qitaihe,2016-01-06,”≈,37,43,20,34,19,15,0.71,52
qitaihe,2016-01-07,”≈,36,30,22,35,19,13,0.69,43
qitaihe,2016-01-08,¡º,51,86,35,46,20,14,0.70,41
qitaihe,2016-01-09,”≈,50,65,34,43,21,15,0.68,42
qitaihe,2016-01-10,”≈,39,37,26,31,18,11,0.57,45
qitaihe,2016-01-11,¡º,56,149,38,51,24,19,0.74,41
qitaihe,2016-01-12,”≈,47,111,30,47,20,14,0.69,43
qitaihe,2016-01-13,¡º,55,112,38,46,22,15,0.79,42
qitaihe,2016-01-14,¡º,81,174,59,67,27,22,1.04,36
qitaihe,2016-01-15,¡º,100,198,74,108,27,24,1.40,31
qitaihe,2016-01-16,«·∂»Œ€»æ,121,231,89,111,23,21,1.41,29
qitaihe,2016-01-17,¡º,97,215,71,56,28,20,1.10,44
qitaihe,2016-01-18,¡º,63,141,41,60,22,18,0.85,38
qitaihe,2016-01-19,”≈,41,34,21,40,17,9,0.55,44
qitaihe,2016-01-20,¡º,64,118,44,55,24,12,0.72,42
qitaihe,2016-01-21,¡º,88,257,65,66,26,20,0.88,44
qitaihe,2016-01-22,¡º,85,264,62,67,21,19,0.90,42
qitaihe,2016-01-23,¡º,83,310,60,68,32,19,0.79,49
qitaihe,2016-01-24,¡º,75,319,53,64,39,19,0.76,55
qitaihe,2016-01-25,¡º,75,267,48,71,30,22,0.83,49
qitaihe,2016-01-26,¡º,92,285,66,80,20,24,1.25,46
qitaihe,2016-01-27,¡º,65,121,47,51,26,22,0.92,42
qitaihe,2016-01-28,¡º,64,139,46,36,22,20,0.76,46
qitaihe,2016-01-29,¡º,63,160,45,40,19,22,0.84,39
qitaihe,2016-01-30,¡º,87,238,63,67,19,24,1.11,39
qitaihe,2016-01-31,¡º,76,227,55,55,29,17,0.76,51
qitaihe,2016-02-01,¡º,62,136,44,39,25,17,0.77,50
qitaihe,2016-02-02,¡º,70,115,50,46,24,19,0.85,54
qitaihe,2016-02-03,«·∂»Œ€»æ,112,237,84,105,22,32,1.70,55
qitaihe,2016-02-04,«·∂»Œ€»æ,135,293,101,71,24,23,1.25,71
qitaihe,2016-02-05,¡º,82,198,60,45,17,18,0.86,68
qitaihe,2016-02-06,¡º,60,134,42,45,19,15,0.92,61
qitaihe,2016-02-07,¡º,55,46,39,40,20,17,0.76,63
qitaihe,2016-02-08,¡º,54,17,38,42,24,16,0.71,51
qitaihe,2016-02-09,¡º,78,147,57,57,25,15,0.90,59
qitaihe,2016-02-10,¡º,88,230,64,79,20,23,1.36,61
qitaihe,2016-02-11,¡º,55,111,38,44,20,24,0.83,77
qitaihe,2016-02-12,¡º,51,85,32,38,18,16,0.67,69
qitaihe,2016-02-13,”≈,49,160,34,28,16,12,0.78,49
qitaihe,2016-02-14,”≈,32,50,18,16,14,8,0.46,64
qitaihe,2016-02-15,”≈,38,97,20,21,15,9,0.48,78
qitaihe,2016-02-16,”≈,42,86,26,26,15,10,0.60,71
qitaihe,2016-02-17,”≈,39,21,21,19,19,10,0.48,66
qitaihe,2016-02-18,”≈,46,31,30,28,31,19,0.83,58
qitaihe,2016-02-19,”≈,38,15,25,28,31,15,0.69,70
qitaihe,2016-02-20,”≈,42,32,24,33,29,12,0.56,69
qitaihe,2016-02-21,¡º,52,49,36,36,29,20,0.95,59
qitaihe,2016-02-22,¡º,52,57,36,42,30,17,0.82,65
qitaihe,2016-02-23,”≈,38,47,25,25,20,12,0.59,60
qitaihe,2016-02-24,”≈,39,54,25,30,18,16,0.74,51
qitaihe,2016-02-25,¡º,53,86,36,38,18,19,0.96,50
qitaihe,2016-02-26,”≈,48,78,32,34,16,20,0.87,53
qitaihe,2016-02-27,”≈,48,65,33,34,16,20,1.03,56
qitaihe,2016-02-28,¡º,51,69,34,34,17,20,1.02,59
qitaihe,2016-02-29,”≈,45,52,28,24,17,17,0.78,56
qitaihe,2016-03-01,”≈,46,37,31,36,19,16,0.82,56
qitaihe,2016-03-02,¡º,71,87,51,64,18,21,0.94,63
qitaihe,2016-03-03,¡º,88,164,64,78,20,25,1.08,65
qitaihe,2016-03-04,¡º,55,44,37,48,17,19,0.82,68
qitaihe,2016-03-05,”≈,42,20,23,33,20,18,0.63,64
qitaihe,2016-03-06,¡º,90,147,34,127,19,16,0.67,58
qitaihe,2016-03-07,”≈,35,12,20,25,19,13,0.60,65
qitaihe,2016-03-08,”≈,41,50,26,32,18,15,0.56,64
qitaihe,2016-03-09,”≈,42,154,22,38,18,13,0.47,62
qitaihe,2016-03-10,”≈,39,96,24,33,19,15,0.54,64
qitaihe,2016-03-11,”≈,48,84,29,40,19,19,0.54,62
qitaihe,2016-03-12,”≈,43,28,25,33,20,14,0.49,79
qitaihe,2016-03-13,”≈,46,64,22,41,20,13,0.50,76
qitaihe,2016-03-14,”≈,46,55,27,38,17,18,0.59,71
qitaihe,2016-03-15,¡º,52,29,33,54,18,30,0.96,57
qitaihe,2016-03-16,¡º,62,85,41,69,20,21,1.05,83
qitaihe,2016-03-17,¡º,85,158,62,108,20,33,1.18,83
qitaihe,2016-03-18,¡º,82,140,58,73,17,23,0.78,65
qitaihe,2016-03-19,”≈,36,13,23,22,14,18,0.59,51
qitaihe,2016-03-20,”≈,39,21,20,32,14,21,0.60,48
qitaihe,2016-03-21,”≈,45,60,25,42,15,22,0.59,46
qitaihe,2016-03-22,”≈,50,97,24,51,15,19,0.53,48
qitaihe,2016-03-23,”≈,45,104,21,46,14,18,0.55,46
qitaihe,2016-03-24,”≈,50,141,27,52,15,21,0.63,40
qitaihe,2016-03-25,¡º,57,130,29,63,15,22,0.73,44
qitaihe,2016-03-26,¡º,69,173,43,81,16,25,0.99,48
qitaihe,2016-03-27,¡º,52,49,24,55,14,18,0.55,55
qitaihe,2016-03-28,¡º,82,202,54,88,18,26,0.78,60
qitaihe,2016-03-29,«·∂»Œ€»æ,101,296,54,148,18,20,0.68,72
qitaihe,2016-03-30,¡º,90,218,50,120,15,23,0.62,49
qitaihe,2016-03-31,¡º,97,240,72,108,15,27,0.75,67
qitaihe,2016-04-01,¡º,95,226,50,128,15,22,0.64,78
qitaihe,2016-04-02,¡º,63,110,27,76,11,17,0.56,64
qitaihe,2016-04-03,¡º,64,237,23,76,14,15,0.54,67
qitaihe,2016-04-04,¡º,67,225,40,78,15,21,0.69,69
qitaihe,2016-04-05,¡º,55,123,37,49,14,21,0.55,63
qitaihe,2016-04-06,¡º,62,211,38,63,17,24,0.93,64
qitaihe,2016-04-07,¡º,92,294,43,126,17,18,0.57,76
qitaihe,2016-04-08,¡º,93,278,40,128,18,20,0.57,66
qitaihe,2016-04-09,¡º,59,158,34,61,13,12,0.41,67
qitaihe,2016-04-10,¡º,64,177,41,65,15,16,0.55,57
qitaihe,2016-04-11,¡º,75,209,52,75,16,23,0.64,62
qitaihe,2016-04-12,¡º,90,274,66,84,20,24,0.80,64
qitaihe,2016-04-13,¡º,90,233,66,84,16,24,0.84,68
qitaihe,2016-04-14,«·∂»Œ€»æ,107,284,79,100,17,24,0.80,79
qitaihe,2016-04-15,«·∂»Œ€»æ,139,351,106,140,16,27,1.11,61
qitaihe,2016-04-16,¡º,97,340,70,69,18,21,0.75,54
qitaihe,2016-04-17,”≈,32,3,21,12,16,17,0.50,59
qitaihe,2016-04-18,”≈,39,36,24,24,16,15,0.45,71
qitaihe,2016-04-19,”≈,50,54,28,47,17,21,0.51,75
qitaihe,2016-04-20,¡º,55,172,25,58,16,18,0.42,86
qitaihe,2016-04-21,¡º,63,166,37,69,20,42,0.53,76
qitaihe,2016-04-22,¡º,66,172,36,81,15,27,0.46,56
qitaihe,2016-04-23,¡º,77,255,33,100,13,24,0.40,53
qitaihe,2016-04-24,¡º,56,147,36,58,13,32,0.54,55
qitaihe,2016-04-25,¡º,65,185,39,68,15,30,0.49,58
qitaihe,2016-04-26,”≈,49,103,30,49,13,25,0.48,42
qitaihe,2016-04-27,¡º,68,218,44,71,16,27,0.56,68
qitaihe,2016-04-28,¡º,62,139,36,62,15,28,0.50,78
qitaihe,2016-04-29,¡º,62,88,32,69,15,29,0.46,71
qitaihe,2016-04-30,¡º,69,125,45,71,17,29,0.49,79
qitaihe,2016-05-01,¡º,73,166,45,77,18,27,0.49,71
qitaihe,2016-05-02,¡º,52,84,36,39,14,27,0.55,61
qitaihe,2016-05-03,”≈,43,45,29,27,14,27,0.50,52
qitaihe,2016-05-04,”≈,34,9,18,14,16,18,0.49,65
qitaihe,2016-05-05,”≈,39,32,19,27,14,18,0.44,70
qitaihe,2016-05-06,”≈,34,20,18,26,16,27,0.43,43
qitaihe,2016-05-07,”≈,39,46,24,33,15,29,0.49,60
qitaihe,2016-05-08,”≈,45,78,22,44,15,38,0.48,53
qitaihe,2016-05-09,”≈,49,92,30,48,15,36,0.59,50
qitaihe,2016-05-10,”≈,41,62,27,35,14,34,0.54,53
qitaihe,2016-05-11,”≈,42,20,25,37,15,32,0.42,67
qitaihe,2016-05-12,”≈,46,20,31,36,15,31,0.42,48
qitaihe,2016-05-13,”≈,44,41,21,43,12,23,0.38,66
qitaihe,2016-05-14,¡º,55,128,23,58,13,26,0.48,70
qitaihe,2016-05-15,”≈,41,49,16,34,15,22,0.35,68
qitaihe,2016-05-16,”≈,46,56,31,33,15,26,0.52,53
qitaihe,2016-05-17,”≈,50,39,25,44,18,26,0.48,73
qitaihe,2016-05-18,¡º,80,205,47,91,18,34,0.82,88
qitaihe,2016-05-19,¡º,71,141,36,65,15,32,0.47,99
qitaihe,2016-05-20,¡º,77,248,33,67,14,32,0.50,104
qitaihe,2016-05-21,¡º,88,308,46,110,14,33,0.49,112
qitaihe,2016-05-22,¡º,94,327,63,111,12,34,0.40,82
qitaihe,2016-05-23,«·∂»Œ€»æ,104,349,72,134,12,35,0.50,101
qitaihe,2016-05-24,¡º,52,99,31,28,14,29,0.49,85
qitaihe,2016-05-25,”≈,41,43,26,27,16,24,0.47,69
qitaihe,2016-05-26,”≈,45,109,25,28,16,22,0.39,86
qitaihe,2016-05-27,¡º,53,167,23,46,15,23,0.31,82
qitaihe,2016-05-28,¡º,58,197,29,62,18,27,0.40,81
qitaihe,2016-05-29,¡º,52,133,26,54,13,17,0.41,71
qitaihe,2016-05-30,¡º,72,208,25,56,14,19,0.43,103
qitaihe,2016-05-31,”≈,40,62,21,23,15,24,0.52,46
qitaihe,2016-06-01,¡º,57,195,29,41,13,19,0.61,102
qitaihe,2016-06-02,¡º,65,234,34,45,15,23,0.50,111
qitaihe,2016-06-03,¡º,67,246,29,31,13,23,0.61,118
qitaihe,2016-06-04,¡º,75,270,20,27,13,20,0.35,122
qitaihe,2016-06-05,¡º,59,170,24,43,15,22,0.49,96
qitaihe,2016-06-06,¡º,68,205,40,77,17,21,0.66,72
qitaihe,2016-06-07,”≈,44,70,22,37,13,16,0.45,78
qitaihe,2016-06-08,¡º,63,189,24,56,12,20,0.45,102
qitaihe,2016-06-09,¡º,64,184,24,39,6,20,0.40,109
qitaihe,2016-06-10,”≈,45,108,25,28,6,22,0.61,79
qitaihe,2016-06-11,”≈,38,97,22,26,5,24,0.62,62
qitaihe,2016-06-12,”≈,26,27,15,14,9,19,0.54,42
qitaihe,2016-06-13,”≈,41,85,27,21,20,17,0.66,51
qitaihe,2016-06-14,”≈,39,59,26,28,14,17,0.60,50
qitaihe,2016-06-15,”≈,49,153,28,42,13,20,0.61,35
qitaihe,2016-06-16,”≈,41,77,23,31,12,17,0.64,32
qitaihe,2016-06-17,”≈,28,19,19,14,12,14,0.58,33
qitaihe,2016-06-18,”≈,37,78,24,20,13,15,0.61,33
qitaihe,2016-06-19,”≈,39,107,25,27,12,15,0.59,49
qitaihe,2016-06-20,¡º,54,200,38,49,11,18,0.67,49
qitaihe,2016-06-21,”≈,45,129,29,41,12,18,0.66,46
qitaihe,2016-06-22,”≈,44,117,29,33,12,16,0.60,33
qitaihe,2016-06-23,”≈,34,64,23,17,12,14,0.60,32
qitaihe,2016-06-24,”≈,35,86,24,15,22,16,0.58,28
qitaihe,2016-06-25,”≈,30,38,20,10,12,12,0.51,27
qitaihe,2016-06-26,”≈,39,91,26,20,11,14,0.55,21
qitaihe,2016-06-27,”≈,36,65,24,22,18,16,0.50,43
qitaihe,2016-06-28,¡º,56,189,36,53,15,26,0.69,26
qitaihe,2016-06-29,¡º,74,297,49,79,14,30,0.77,47
qitaihe,2016-06-30,”≈,45,160,30,41,15,24,0.61,42
qitaihe,2016-07-01,”≈,35,136,22,25,12,20,0.57,39
qitaihe,2016-07-02,”≈,40,143,26,23,11,30,0.56,35
qitaihe,2016-07-03,”≈,50,184,32,44,12,33,0.56,41
qitaihe,2016-07-04,¡º,56,215,36,48,13,31,0.62,38
qitaihe,2016-07-05,”≈,42,156,25,35,16,25,0.47,45
qitaihe,2016-07-06,”≈,39,126,21,32,18,27,0.47,53
qitaihe,2016-07-07,¡º,62,261,30,62,12,34,0.64,75
qitaihe,2016-07-08,¡º,66,284,46,65,12,39,0.79,60
qitaihe,2016-07-09,”≈,41,126,27,34,12,26,0.51,44
qitaihe,2016-07-10,”≈,45,125,27,40,14,29,0.60,43
qitaihe,2016-07-11,¡º,52,192,33,40,15,29,0.64,51
qitaihe,2016-07-12,¡º,63,266,43,54,13,31,0.75,57
qitaihe,2016-07-13,”≈,50,201,35,35,11,29,0.58,22
qitaihe,2016-07-14,”≈,39,119,23,32,11,23,0.51,31
qitaihe,2016-07-15,”≈,35,74,23,28,13,24,0.50,25
qitaihe,2016-07-16,”≈,38,84,24,29,13,22,0.58,16
qitaihe,2016-07-17,”≈,37,77,25,27,18,25,0.66,31
qitaihe,2016-07-18,”≈,48,155,28,41,16,28,0.82,41
qitaihe,2016-07-19,¡º,52,203,30,48,15,34,0.60,56
qitaihe,2016-07-20,¡º,59,276,35,58,14,37,0.50,49
qitaihe,2016-07-21,¡º,64,302,42,56,14,40,0.55,38
qitaihe,2016-07-22,”≈,42,108,28,34,12,28,0.54,25
qitaihe,2016-07-23,”≈,25,25,17,14,15,21,0.53,18
qitaihe,2016-07-24,”≈,26,24,18,15,14,19,0.54,20
qitaihe,2016-07-25,”≈,36,53,21,29,11,27,0.51,32
qitaihe,2016-07-26,”≈,29,27,18,19,11,26,0.53,27
qitaihe,2016-07-27,”≈,42,85,25,39,11,32,0.63,43
qitaihe,2016-07-28,¡º,53,124,31,53,11,37,0.53,41
qitaihe,2016-07-29,¡º,51,120,33,44,16,30,0.62,52
qitaihe,2016-07-30,¡º,55,141,33,51,15,30,0.74,51
qitaihe,2016-07-31,¡º,52,163,34,46,14,34,0.62,35
qitaihe,2016-08-01,”≈,50,173,27,46,13,34,0.56,33
qitaihe,2016-08-02,¡º,52,197,31,47,15,33,0.52,52
qitaihe,2016-08-03,¡º,58,260,38,55,12,30,0.65,48
qitaihe,2016-08-04,¡º,63,273,40,61,16,31,0.71,52
qitaihe,2016-08-05,¡º,52,220,30,47,15,29,0.66,43
qitaihe,2016-08-06,”≈,49,178,30,38,14,27,0.77,18
qitaihe,2016-08-07,”≈,42,141,27,32,12,24,0.72,35
qitaihe,2016-08-08,”≈,43,149,24,40,12,27,0.60,33
qitaihe,2016-08-09,¡º,53,213,31,52,15,30,0.59,42
qitaihe,2016-08-10,¡º,55,238,34,54,16,28,0.70,40
qitaihe,2016-08-11,¡º,70,307,50,61,16,27,0.76,46
qitaihe,2016-08-12,¡º,72,316,51,71,15,26,0.78,59
qitaihe,2016-08-13,”≈,46,172,27,29,16,22,0.87,69
qitaihe,2016-08-14,”≈,48,181,30,41,17,26,0.69,51
qitaihe,2016-08-15,”≈,38,105,18,35,15,23,0.56,43
qitaihe,2016-08-16,¡º,53,192,18,60,15,25,0.81,32
qitaihe,2016-08-17,”≈,42,92,21,37,16,29,0.68,36
qitaihe,2016-08-18,”≈,47,131,25,47,17,29,0.83,48
qitaihe,2016-08-19,”≈,47,167,27,43,17,32,0.82,49
qitaihe,2016-08-20,¡º,56,229,27,53,16,26,0.75,34
qitaihe,2016-08-21,”≈,50,127,23,51,18,26,0.74,31
qitaihe,2016-08-22,”≈,48,91,22,47,15,26,0.74,38
qitaihe,2016-08-23,¡º,57,146,26,64,15,28,0.76,34
qitaihe,2016-08-24,¡º,56,121,24,63,18,26,0.80,53
qitaihe,2016-08-25,”≈,34,27,21,26,15,21,0.70,45
qitaihe,2016-08-26,”≈,45,179,14,46,13,24,0.77,40
qitaihe,2016-08-27,”≈,44,117,18,44,16,29,0.82,48
qitaihe,2016-08-28,”≈,36,31,17,34,15,32,0.74,41
qitaihe,2016-08-29,”≈,41,41,18,39,12,41,0.72,13
qitaihe,2016-08-30,”≈,20,10,10,5,13,38,0.86,20
qitaihe,2016-08-31,”≈,22,22,14,15,13,34,0.83,29
qitaihe,2016-09-01,”≈,23,29,15,8,13,37,0.71,21
qitaihe,2016-09-02,”≈,50,133,35,38,13,59,0.92,54
qitaihe,2016-09-03,”≈,45,67,30,33,15,49,0.83,54
qitaihe,2016-09-04,”≈,38,37,24,16,15,66,0.91,46
qitaihe,2016-09-05,”≈,34,32,17,12,15,52,0.97,33
qitaihe,2016-09-06,”≈,39,62,21,33,15,41,0.99,40
qitaihe,2016-09-07,”≈,45,105,21,46,15,24,0.86,32
qitaihe,2016-09-08,”≈,47,103,15,53,15,22,0.87,31
qitaihe,2016-09-09,”≈,32,46,19,26,16,22,0.83,36
qitaihe,2016-09-10,”≈,37,83,19,37,14,20,0.73,35
qitaihe,2016-09-11,”≈,38,85,19,36,14,28,0.78,38
qitaihe,2016-09-12,”≈,33,30,22,26,15,31,0.92,29
qitaihe,2016-09-13,”≈,34,25,22,23,14,37,0.98,25
qitaihe,2016-09-14,”≈,45,81,28,43,13,45,1.07,36
qitaihe,2016-09-15,”≈,42,113,27,38,15,29,1.01,35
qitaihe,2016-09-16,”≈,39,115,25,32,14,34,0.98,40
qitaihe,2016-09-17,”≈,26,19,15,22,13,13,0.70,38
qitaihe,2016-09-18,”≈,37,81,23,34,13,29,0.83,25
qitaihe,2016-09-19,¡º,52,180,27,57,14,43,0.89,43
qitaihe,2016-09-20,¡º,78,325,54,92,14,43,1.05,49
qitaihe,2016-09-21,¡º,68,213,47,71,14,39,0.93,42
qitaihe,2016-09-22,¡º,62,147,41,65,15,50,0.98,40
qitaihe,2016-09-23,¡º,68,188,45,80,15,45,1.13,47
qitaihe,2016-09-24,¡º,66,168,46,70,15,40,1.10,59
qitaihe,2016-09-25,¡º,59,143,32,64,15,28,0.91,70
qitaihe,2016-09-26,¡º,64,183,42,73,14,32,1.15,42
qitaihe,2016-09-27,”≈,39,65,26,31,14,17,0.92,43
qitaihe,2016-09-28,”≈,35,102,16,30,11,26,0.86,28
qitaihe,2016-09-29,¡º,65,289,27,71,7,50,1.08,25
qitaihe,2016-09-30,”≈,50,161,24,52,6,22,0.78,47
qitaihe,2016-10-01,¡º,60,203,34,69,7,20,0.77,41
qitaihe,2016-10-02,¡º,57,195,28,61,7,20,0.60,59
qitaihe,2016-10-03,”≈,46,119,24,47,8,17,0.57,36
qitaihe,2016-10-04,”≈,43,77,27,40,7,18,0.60,44
qitaihe,2016-10-05,¡º,55,137,35,51,7,21,0.66,37
qitaihe,2016-10-06,¡º,52,132,30,53,8,22,0.59,49
qitaihe,2016-10-07,”≈,46,131,24,49,9,28,0.60,44
qitaihe,2016-10-08,”≈,31,50,22,17,7,19,0.80,33
qitaihe,2016-10-09,”≈,33,57,18,26,10,18,0.51,32
qitaihe,2016-10-10,”≈,44,118,24,42,4,19,0.62,34
qitaihe,2016-10-11,”≈,47,119,22,47,5,17,0.56,45
qitaihe,2016-10-12,”≈,48,119,23,50,9,19,0.64,56
qitaihe,2016-10-13,¡º,56,144,35,58,8,28,0.70,44
qitaihe,2016-10-14,¡º,91,306,60,110,9,34,1.17,33
qitaihe,2016-10-15,¡º,92,314,67,96,8,21,0.92,74
qitaihe,2016-10-16,¡º,85,307,62,81,9,23,0.78,107
qitaihe,2016-10-17,¡º,52,105,35,36,6,13,0.53,74
qitaihe,2016-10-18,¡º,57,147,28,69,7,32,0.75,49
qitaihe,2016-10-19,”≈,48,117,29,50,6,24,0.64,45
qitaihe,2016-10-20,”≈,37,71,19,33,5,15,0.53,56
qitaihe,2016-10-21,¡º,52,222,26,56,6,22,0.62,40
qitaihe,2016-10-22,”≈,44,185,27,42,5,16,0.56,47
qitaihe,2016-10-23,¡º,55,277,33,58,6,15,0.62,46
qitaihe,2016-10-24,¡º,69,307,44,80,7,23,0.75,34
qitaihe,2016-10-25,«·∂»Œ€»æ,120,350,89,136,13,26,1.26,32
qitaihe,2016-10-26,«·∂»Œ€»æ,115,347,80,118,6,14,1.56,58
qitaihe,2016-10-27,¡º,77,327,50,85,7,24,1.46,54
qitaihe,2016-10-28,÷–∂»Œ€»æ,162,363,124,171,10,35,1.88,39
qitaihe,2016-10-29,«·∂»Œ€»æ,130,361,92,145,7,22,1.50,57
qitaihe,2016-10-30,¡º,97,346,70,105,9,28,1.53,54
qitaihe,2016-10-31,«·∂»Œ€»æ,102,358,68,119,5,20,1.11,58
qitaihe,2016-11-01,«·∂»Œ€»æ,147,359,112,164,9,30,0.82,52
qitaihe,2016-11-02,¡º,91,273,66,99,10,26,0.62,45
qitaihe,2016-11-03,«·∂»Œ€»æ,141,331,102,162,8,28,0.95,44
qitaihe,2016-11-04,÷ÿ∂»Œ€»æ,219,349,168,226,12,36,1.18,40
qitaihe,2016-11-05,÷ÿ∂»Œ€»æ,210,338,162,202,9,25,1.10,39
qitaihe,2016-11-06,«·∂»Œ€»æ,116,234,86,123,9,31,0.90,48
qitaihe,2016-11-07,÷ÿ∂»Œ€»æ,210,363,162,228,11,37,1.25,40
qitaihe,2016-11-08,¡º,82,290,54,82,7,22,0.68,64
qitaihe,2016-11-09,¡º,61,228,29,71,7,18,0.56,69
qitaihe,2016-11-10,¡º,64,211,40,76,11,22,0.61,81
qitaihe,2016-11-11,¡º,58,143,36,59,7,23,0.69,53
qitaihe,2016-11-12,¡º,89,238,65,90,8,27,0.97,56
qitaihe,2016-11-13,¡º,99,227,71,130,12,32,1.06,66
qitaihe,2016-11-14,¡º,63,95,39,75,10,18,0.68,69
qitaihe,2016-11-15,¡º,61,112,34,67,6,18,0.66,61
qitaihe,2016-11-16,¡º,76,194,46,95,10,29,0.98,49
qitaihe,2016-11-17,¡º,76,184,51,91,10,25,0.86,53
qitaihe,2016-11-18,«·∂»Œ€»æ,130,277,96,153,14,30,0.88,53
qitaihe,2016-11-19,¡º,73,152,37,87,6,19,0.57,53
qitaihe,2016-11-20,¡º,58,142,38,57,8,23,0.55,63
qitaihe,2016-11-21,¡º,92,300,63,98,11,34,0.98,51
qitaihe,2016-11-22,¡º,66,323,39,76,9,24,0.57,59
qitaihe,2016-11-23,¡º,52,216,31,55,10,24,0.59,55
qitaihe,2016-11-24,¡º,74,218,52,72,11,32,0.82,55
qitaihe,2016-11-25,¡º,88,223,61,107,15,38,1.00,55
qitaihe,2016-11-26,¡º,83,189,59,104,22,34,0.91,46
qitaihe,2016-11-27,«·∂»Œ€»æ,118,268,88,128,18,31,1.08,53
qitaihe,2016-11-28,¡º,90,198,66,91,18,36,0.87,52
qitaihe,2016-11-29,¡º,76,157,54,78,13,34,0.84,48
qitaihe,2016-11-30,¡º,69,112,43,79,20,43,0.92,35
qitaihe,2016-12-01,¡º,61,111,39,62,9,17,0.66,44
qitaihe,2016-12-02,¡º,56,68,36,57,12,30,0.56,51
qitaihe,2016-12-03,¡º,62,62,40,67,16,31,0.90,72
qitaihe,2016-12-04,¡º,97,160,71,104,13,33,0.91,65
qitaihe,2016-12-05,¡º,83,145,56,102,12,37,1.01,39
qitaihe,2016-12-06,¡º,83,170,59,97,10,36,0.87,39
qitaihe,2016-12-07,¡º,72,69,46,85,10,35,0.91,41
qitaihe,2016-12-08,«·∂»Œ€»æ,101,149,74,121,20,44,1.27,34
qitaihe,2016-12-09,«·∂»Œ€»æ,106,201,79,100,18,37,0.96,44
qitaihe,2016-12-10,«·∂»Œ€»æ,107,216,79,126,30,42,0.97,37
qitaihe,2016-12-11,«·∂»Œ€»æ,150,302,114,158,25,51,1.39,40
qitaihe,2016-12-12,¡º,76,121,52,87,19,39,0.96,42
qitaihe,2016-12-13,¡º,77,179,55,81,15,28,0.86,48
qitaihe,2016-12-14,¡º,68,209,47,69,18,29,0.86,47
qitaihe,2016-12-15,¡º,71,168,47,79,21,29,0.74,54
qitaihe,2016-12-16,¡º,62,99,40,67,16,32,0.62,55
qitaihe,2016-12-17,¡º,87,129,63,97,21,44,0.93,44
qitaihe,2016-12-18,«·∂»Œ€»æ,124,211,93,140,26,47,1.31,43
qitaihe,2016-12-19,÷–∂»Œ€»æ,167,229,126,198,32,59,1.72,37
qitaihe,2016-12-20,÷–∂»Œ€»æ,199,275,150,223,28,54,1.67,36
qitaihe,2016-12-21,«·∂»Œ€»æ,110,222,82,118,20,39,1.19,46
qitaihe,2016-12-22,¡º,61,128,39,66,9,28,0.75,58
qitaihe,2016-12-23,¡º,58,106,34,65,11,31,0.52,53
qitaihe,2016-12-24,¡º,92,215,66,119,17,43,0.93,40
qitaihe,2016-12-25,«·∂»Œ€»æ,120,314,83,151,28,47,1.50,44
qitaihe,2016-12-26,¡º,79,296,50,96,13,23,0.56,53
qitaihe,2016-12-27,¡º,60,185,38,67,13,26,0.50,49
qitaihe,2016-12-28,¡º,90,249,62,111,23,37,0.91,34
qitaihe,2016-12-29,¡º,78,175,56,83,21,27,0.51,46
qitaihe,2016-12-30,¡º,61,62,40,65,17,29,0.46,49
qitaihe,2016-12-31,«·∂»Œ€»æ,117,178,86,140,30,49,1.16,33
qitaihe,2017-01-01,÷–∂»Œ€»æ,178,245,134,209,43,53,2.10,24
qitaihe,2017-01-02,÷–∂»Œ€»æ,182,248,138,184,35,48,1.75,37
qitaihe,2017-01-03,÷–∂»Œ€»æ,173,223,131,210,33,62,1.83,25
qitaihe,2017-01-04,«·∂»Œ€»æ,144,187,109,142,31,39,1.21,44
qitaihe,2017-01-05,«·∂»Œ€»æ,145,250,110,156,32,46,1.21,44
qitaihe,2017-01-06,÷ÿ∂»Œ€»æ,209,332,162,186,41,66,2.72,23
qitaihe,2017-01-07,«·∂»Œ€»æ,144,303,109,151,39,56,1.27,44
qitaihe,2017-01-08,«·∂»Œ€»æ,137,300,103,144,36,53,1.34,42
qitaihe,2017-01-09,¡º,90,225,61,97,20,30,0.77,54
qitaihe,2017-01-10,”≈,47,86,24,47,12,18,0.41,57
qitaihe,2017-01-11,”≈,46,71,28,45,13,23,0.51,47
qitaihe,2017-01-12,¡º,62,157,21,77,11,12,0.40,56
qitaihe,2017-01-13,¡º,54,128,35,51,13,22,0.49,55
qitaihe,2017-01-14,¡º,56,131,39,46,9,12,0.33,52
qitaihe,2017-01-15,”≈,42,72,28,37,10,16,0.30,57
qitaihe,2017-01-16,¡º,71,153,51,63,17,26,0.50,55
qitaihe,2017-01-17,«·∂»Œ€»æ,118,259,87,113,24,52,1.17,42
qitaihe,2017-01-18,«·∂»Œ€»æ,118,237,88,123,24,45,1.28,45
qitaihe,2017-01-19,«·∂»Œ€»æ,122,244,91,121,18,37,1.10,48
qitaihe,2017-01-20,«·∂»Œ€»æ,129,337,98,128,19,38,1.23,44
qitaihe,2017-01-21,«·∂»Œ€»æ,141,350,107,144,23,41,1.51,42
qitaihe,2017-01-22,«·∂»Œ€»æ,102,264,76,96,21,29,1.14,53
qitaihe,2017-01-23,¡º,71,143,51,66,20,29,0.84,56
qitaihe,2017-01-24,¡º,70,127,49,68,17,26,0.85,62
qitaihe,2017-01-25,¡º,86,119,63,87,21,34,1.02,60
qitaihe,2017-01-26,¡º,100,156,71,115,30,35,1.37,61
qitaihe,2017-01-27,¡º,62,85,38,66,11,11,0.70,78
qitaihe,2017-01-28,¡º,66,49,45,68,20,23,0.81,67
qitaihe,2017-01-29,¡º,90,201,65,103,16,28,1.19,47
qitaihe,2017-01-30,¡º,62,185,40,62,11,17,0.79,64
qitaihe,2017-01-31,¡º,56,139,37,51,14,18,0.63,72
qitaihe,2017-02-01,¡º,60,152,32,65,11,14,0.62,70
qitaihe,2017-02-02,¡º,56,117,35,57,14,19,0.66,66
qitaihe,2017-02-03,¡º,72,158,50,75,25,22,0.96,67
qitaihe,2017-02-04,÷–∂»Œ€»æ,152,288,115,162,28,23,1.58,74
qitaihe,2017-02-05,«·∂»Œ€»æ,134,271,101,141,22,24,1.45,61
qitaihe,2017-02-06,¡º,75,186,43,71,122,15,0.87,63
qitaihe,2017-02-07,¡º,52,127,27,55,11,20,0.64,66
qitaihe,2017-02-08,¡º,55,194,34,58,12,21,0.64,68
qitaihe,2017-02-09,¡º,63,187,43,59,12,20,0.72,67
qitaihe,2017-02-10,¡º,52,93,32,53,9,18,0.60,62
qitaihe,2017-02-11,¡º,68,132,49,57,13,28,0.77,55
qitaihe,2017-02-12,¡º,83,156,61,68,14,31,0.93,68
qitaihe,2017-02-13,¡º,97,194,72,96,15,36,1.11,64
qitaihe,2017-02-14,¡º,65,71,45,61,11,29,0.78,75
qitaihe,2017-02-15,¡º,76,91,54,79,16,37,1.11,72
qitaihe,2017-02-16,¡º,81,133,47,98,11,25,0.81,82
qitaihe,2017-02-17,¡º,59,110,23,61,5,17,0.67,84
qitaihe,2017-02-18,”≈,46,30,23,42,6,17,0.58,78
qitaihe,2017-02-19,¡º,59,55,36,66,12,23,0.81,65
qitaihe,2017-02-20,”≈,50,55,28,52,8,15,0.67,75
qitaihe,2017-02-21,¡º,56,154,29,60,11,22,0.65,72
qitaihe,2017-02-22,¡º,60,170,39,64,13,35,0.95,60
qitaihe,2017-02-23,¡º,57,164,33,48,7,19,0.76,88
qitaihe,2017-02-24,”≈,50,109,31,46,8,23,0.77,86
qitaihe,2017-02-25,¡º,52,107,31,45,9,17,0.69,88
qitaihe,2017-02-26,¡º,53,84,31,53,11,29,0.95,62
qitaihe,2017-02-27,¡º,56,60,33,57,19,25,1.01,70
qitaihe,2017-02-28,¡º,65,85,44,57,12,23,0.88,85
qitaihe,2017-03-01,¡º,59,84,39,54,7,24,0.98,74
qitaihe,2017-03-02,”≈,44,22,24,37,7,19,0.87,76
qitaihe,2017-03-03,”≈,48,18,26,48,6,22,0.90,73
qitaihe,2017-03-04,”≈,49,29,23,47,5,15,0.84,67
qitaihe,2017-03-05,¡º,51,66,29,50,7,18,1.00,65
qitaihe,2017-03-06,¡º,61,175,31,68,8,17,1.01,69
qitaihe,2017-03-07,”≈,46,91,26,41,7,18,0.84,77
qitaihe,2017-03-08,”≈,45,53,21,32,5,16,0.88,88
qitaihe,2017-03-09,”≈,44,34,25,41,8,21,0.86,74
qitaihe,2017-03-10,”≈,47,52,26,41,8,21,0.73,77
qitaihe,2017-03-11,¡º,88,232,62,99,16,35,1.04,75
qitaihe,2017-03-12,¡º,94,288,68,106,15,29,0.69,68
qitaihe,2017-03-13,¡º,52,171,36,42,6,15,0.50,63
qitaihe,2017-03-14,”≈,38,42,21,28,6,16,0.55,63
qitaihe,2017-03-15,¡º,56,116,33,58,7,24,0.65,66
qitaihe,2017-03-16,¡º,69,192,43,81,8,28,0.74,77
qitaihe,2017-03-17,¡º,70,178,40,87,9,30,0.88,60
qitaihe,2017-03-18,¡º,77,186,51,95,12,32,0.83,59
qitaihe,2017-03-19,«·∂»Œ€»æ,108,294,77,126,11,27,0.78,69
qitaihe,2017-03-20,¡º,90,280,64,110,8,24,0.67,86
qitaihe,2017-03-21,¡º,65,172,37,71,7,15,0.46,69
qitaihe,2017-03-22,¡º,51,137,30,49,6,16,0.48,71
qitaihe,2017-03-23,¡º,64,215,37,67,8,24,0.50,61
qitaihe,2017-03-24,¡º,70,220,45,74,8,29,0.62,62
qitaihe,2017-03-25,¡º,90,286,64,99,12,33,0.66,70
qitaihe,2017-03-26,«·∂»Œ€»æ,105,333,76,124,8,29,0.77,61
qitaihe,2017-03-27,«·∂»Œ€»æ,109,333,79,134,7,34,0.79,65
qitaihe,2017-03-28,«·∂»Œ€»æ,113,335,83,133,8,35,0.90,75
qitaihe,2017-03-29,«·∂»Œ€»æ,125,314,94,149,10,31,0.78,75
qitaihe,2017-03-30,«·∂»Œ€»æ,112,299,70,138,5,26,0.63,71
qitaihe,2017-03-31,¡º,80,286,52,95,7,32,0.70,63
qitaihe,2017-04-01,¡º,97,289,66,124,7,30,0.71,72
qitaihe,2017-04-02,¡º,93,272,53,125,6,24,0.51,83
qitaihe,2017-04-03,¡º,54,44,33,52,7,25,0.49,71
qitaihe,2017-04-04,«·∂»Œ€»æ,101,304,67,123,11,31,0.81,107
qitaihe,2017-04-05,«·∂»Œ€»æ,116,317,81,132,11,34,0.86,129
qitaihe,2017-04-06,÷–∂»Œ€»æ,181,361,136,234,15,67,1.22,77
qitaihe,2017-04-07,¡º,62,141,35,71,12,47,0.52,59
qitaihe,2017-04-08,¡º,67,197,40,66,8,23,0.51,58
qitaihe,2017-04-09,¡º,62,266,31,69,9,19,0.41,83
qitaihe,2017-04-10,¡º,84,328,56,98,9,23,0.53,111
qitaihe,2017-04-11,¡º,52,146,27,57,8,16,0.39,79
qitaihe,2017-04-12,¡º,59,145,26,71,9,16,0.43,74
qitaihe,2017-04-13,¡º,66,141,39,73,14,25,0.51,79
qitaihe,2017-04-14,«·∂»Œ€»æ,114,349,75,161,12,32,0.72,89
qitaihe,2017-04-15,÷–∂»Œ€»æ,174,365,81,248,12,25,0.61,92
qitaihe,2017-04-16,¡º,78,206,44,93,10,18,0.46,88
qitaihe,2017-04-17,«·∂»Œ€»æ,137,326,91,175,14,26,0.71,91
qitaihe,2017-04-18,¡º,58,111,35,58,11,22,0.49,95
qitaihe,2017-04-19,”≈,44,43,30,29,12,24,0.46,50
qitaihe,2017-04-20,”≈,45,54,28,39,11,25,0.45,58
qitaihe,2017-04-21,¡º,53,130,33,56,12,31,0.60,46
qitaihe,2017-04-22,¡º,57,117,33,57,11,23,0.58,67
qitaihe,2017-04-23,¡º,54,80,34,55,13,25,0.60,62
qitaihe,2017-04-23,¡º,54,80,34,55,13,25,0.60,62
qitaihe,2017-04-24,”≈,42,45,16,33,14,18,0.42,77
qitaihe,2017-04-25,”≈,42,57,20,36,12,16,0.39,81
qitaihe,2017-04-26,”≈,37,45,15,20,11,14,0.38,72
qitaihe,2017-04-27,”≈,41,55,15,28,9,16,0.42,75
qitaihe,2017-04-28,¡º,55,86,27,54,10,25,0.43,74
qitaihe,2017-04-29,¡º,53,25,25,53,8,23,0.33,84
qitaihe,2017-04-30,”≈,42,12,17,25,9,19,0.44,72
qitaihe,2017-05-01,”≈,46,23,20,46,7,20,0.43,73
qitaihe,2017-05-02,¡º,66,165,26,66,10,26,0.50,103
qitaihe,2017-05-03,¡º,82,295,36,89,5,20,0.40,131
qitaihe,2017-05-04,¡º,74,246,37,83,7,18,0.41,122
qitaihe,2017-05-05,—œ÷ÿŒ€»æ,317,341,77,424,7,17,0.29,92
qitaihe,2017-05-06,¡º,83,167,20,117,10,13,0.26,72
qitaihe,2017-05-07,”≈,36,23,13,27,6,15,0.32,66
qitaihe,2017-05-08,”≈,47,70,17,45,9,22,0.34,70
qitaihe,2017-05-09,¡º,54,112,25,51,12,29,0.34,91
qitaihe,2017-05-10,¡º,76,237,38,94,10,30,0.53,92
qitaihe,2017-05-11,¡º,73,193,44,86,9,26,0.66,83
qitaihe,2017-05-12,¡º,56,140,25,61,7,19,0.39,68
qitaihe,2017-05-13,”≈,43,36,19,36,8,19,0.39,75
qitaihe,2017-05-14,”≈,37,16,15,23,7,19,0.38,69
qitaihe,2017-05-15,”≈,39,48,19,35,7,19,0.40,67
qitaihe,2017-05-16,¡º,53,115,22,56,6,22,0.40,72
qitaihe,2017-05-17,¡º,57,67,23,54,8,23,0.40,93
qitaihe,2017-05-18,¡º,70,129,31,64,7,20,0.45,124
qitaihe,2017-05-19,«·∂»Œ€»æ,106,301,46,145,7,19,0.52,137
qitaihe,2017-05-20,¡º,58,122,24,61,7,20,0.29,83
qitaihe,2017-05-20,¡º,58,122,24,61,7,20,0.29,83
qitaihe,2017-05-21,”≈,37,45,20,28,11,25,0.33,66
qitaihe,2017-05-22,”≈,35,51,19,31,10,20,0.33,60
qitaihe,2017-05-23,”≈,40,66,14,30,11,18,0.32,86
qitaihe,2017-05-24,”≈,42,92,18,26,9,16,0.31,76
qitaihe,2017-05-25,”≈,40,41,18,38,13,19,0.31,52
qitaihe,2017-05-26,”≈,46,35,17,45,14,23,0.34,60
qitaihe,2017-05-27,¡º,56,47,23,54,9,26,0.38,81
qitaihe,2017-05-28,¡º,71,93,28,75,9,26,0.46,99
qitaihe,2017-05-29,¡º,77,166,26,103,9,15,0.24,85
qitaihe,2017-05-30,¡º,66,152,19,80,10,17,0.27,81
qitaihe,2017-05-31,”≈,50,74,22,46,9,20,0.29,77
qitaihe,2017-06-01,”≈,40,56,17,27,7,18,0.38,75
qitaihe,2017-06-02,”≈,25,8,16,20,12,13,0.33,43
qitaihe,2017-06-03,”≈,29,12,16,22,7,14,0.42,49
qitaihe,2017-06-04,”≈,40,58,21,41,11,19,0.43,45
qitaihe,2017-06-05,”≈,46,130,21,42,9,22,0.37,61
qitaihe,2017-06-06,”≈,50,189,21,44,13,22,0.50,71
qitaihe,2017-06-07,”≈,44,66,26,38,11,18,0.52,74
qitaihe,2017-06-08,”≈,49,117,31,36,16,17,0.44,72
qitaihe,2017-06-09,”≈,37,70,19,31,9,22,0.35,52
qitaihe,2017-06-10,”≈,35,86,20,27,9,15,0.33,37
qitaihe,2017-06-11,”≈,44,131,21,44,7,20,0.35,29
qitaihe,2017-06-12,”≈,48,165,25,47,10,22,0.37,54
qitaihe,2017-06-13,¡º,52,186,23,53,11,21,0.40,81
qitaihe,2017-06-14,”≈,44,126,23,37,16,15,0.45,75
qitaihe,2017-06-15,”≈,41,97,18,34,18,21,0.31,68
qitaihe,2017-06-16,”≈,50,143,23,51,18,23,0.41,59
qitaihe,2017-06-17,”≈,47,103,21,47,20,22,0.44,62
qitaihe,2017-06-18,¡º,54,135,29,46,16,18,0.58,87
qitaihe,2017-06-19,¡º,57,196,26,41,19,22,0.53,98
qitaihe,2017-06-20,”≈,50,130,32,40,19,29,0.63,65
qitaihe,2017-06-21,”≈,42,96,26,37,21,26,0.51,61
qitaihe,2017-06-22,”≈,47,157,26,44,14,19,0.45,75
qitaihe,2017-06-23,¡º,51,173,21,45,14,18,0.43,87
qitaihe,2017-06-24,¡º,54,196,28,59,13,17,0.39,77
qitaihe,2017-06-25,”≈,33,74,11,32,17,11,0.28,48
qitaihe,2017-06-26,”≈,50,151,20,54,13,21,0.42,45
qitaihe,2017-06-27,”≈,47,109,26,45,13,19,0.48,74
qitaihe,2017-06-28,¡º,81,267,39,90,11,23,0.63,104
qitaihe,2017-06-29,¡º,66,212,34,60,14,19,0.63,106
qitaihe,2017-06-30,¡º,65,219,38,62,13,26,0.66,98
qitaihe,2017-07-01,¡º,61,218,40,61,10,26,0.63,64
qitaihe,2017-07-02,”≈,38,122,20,33,8,22,0.54,55
qitaihe,2017-07-03,”≈,47,158,21,50,8,27,0.51,46
qitaihe,2017-07-04,¡º,59,207,24,55,8,27,0.53,72
qitaihe,2017-07-05,¡º,67,252,32,63,9,30,0.50,89
qitaihe,2017-07-06,¡º,72,306,33,70,8,27,0.52,99
qitaihe,2017-07-07,¡º,72,308,33,73,9,23,0.54,90
qitaihe,2017-07-08,”≈,46,158,19,38,9,12,0.42,78
qitaihe,2017-07-09,”≈,50,197,21,44,9,15,0.48,72
qitaihe,2017-07-10,”≈,46,163,20,47,12,17,0.46,55
qitaihe,2017-07-11,”≈,34,50,16,23,12,15,0.48,70
qitaihe,2017-07-12,¡º,53,150,22,44,11,19,0.43,97
qitaihe,2017-07-13,¡º,70,245,37,62,9,15,0.52,116
qitaihe,2017-07-14,¡º,51,160,20,30,8,21,0.47,93
qitaihe,2017-07-15,¡º,52,201,19,43,12,22,0.43,94
qitaihe,2017-07-16,”≈,46,144,19,42,10,24,0.44,62
qitaihe,2017-07-17,”≈,45,115,16,40,12,22,0.49,64
qitaihe,2017-07-18,”≈,47,154,18,42,14,21,0.52,62
qitaihe,2017-07-19,”≈,43,137,14,28,11,21,0.42,79
qitaihe,2017-07-20,”≈,43,128,16,45,10,24,0.43,44
qitaihe,2017-07-21,”≈,40,91,14,34,9,23,0.34,65
qitaihe,2017-07-22,”≈,48,137,18,43,9,22,0.43,66
qitaihe,2017-07-23,”≈,42,82,15,35,9,20,0.38,70
qitaihe,2017-07-24,”≈,37,59,11,28,8,21,0.38,66
qitaihe,2017-07-25,”≈,44,95,16,44,6,19,0.36,49
qitaihe,2017-07-26,¡º,54,140,23,61,7,27,0.55,54
qitaihe,2017-07-27,”≈,49,121,20,52,10,23,0.46,65
qitaihe,2017-07-28,”≈,49,116,18,50,8,22,0.49,61
qitaihe,2017-07-29,”≈,44,98,18,45,10,23,0.42,62
qitaihe,2017-07-30,”≈,44,79,13,45,12,19,0.37,57
qitaihe,2017-07-31,”≈,46,117,18,48,9,20,0.44,56
qitaihe,2017-08-01,”≈,50,184,22,43,8,25,0.61,76
qitaihe,2017-08-02,”≈,40,126,20,35,7,19,0.70,54
qitaihe,2017-08-03,”≈,23,7,9,21,6,16,0.48,25
qitaihe,2017-08-04,”≈,25,13,9,20,6,12,0.47,49
qitaihe,2017-08-05,”≈,42,92,12,40,6,18,0.50,59
qitaihe,2017-08-06,”≈,37,53,15,34,6,19,0.71,29
qitaihe,2017-08-07,”≈,25,14,9,19,7,12,0.50,47
qitaihe,2017-08-08,”≈,32,54,12,24,7,14,0.61,51
qitaihe,2017-08-09,”≈,32,52,13,30,7,14,0.54,39
qitaihe,2017-08-10,”≈,38,80,12,38,6,15,0.48,29
qitaihe,2017-08-11,”≈,43,117,12,46,8,13,0.49,21
qitaihe,2017-08-12,”≈,49,184,14,53,8,15,0.53,24
qitaihe,2017-08-13,”≈,47,179,12,50,7,14,0.45,19
qitaihe,2017-08-14,¡º,54,232,15,61,9,17,0.44,31
qitaihe,2017-08-15,¡º,52,192,16,58,8,18,0.48,32
qitaihe,2017-08-16,¡º,52,195,19,56,6,19,0.49,18
qitaihe,2017-08-17,¡º,53,214,18,59,6,13,0.47,31
qitaihe,2017-08-18,¡º,55,223,17,62,10,17,0.50,39
qitaihe,2017-08-19,¡º,55,247,17,62,10,17,0.46,56
qitaihe,2017-08-20,”≈,47,168,14,49,9,17,0.46,46
qitaihe,2017-08-21,”≈,41,86,13,40,8,12,0.43,44
qitaihe,2017-08-22,”≈,49,150,16,56,6,16,0.48,61
qitaihe,2017-08-23,”≈,38,102,23,37,8,17,0.48,56
qitaihe,2017-08-24,¡º,55,269,32,62,6,17,0.58,57
qitaihe,2017-08-25,¡º,57,271,31,58,6,16,0.53,61
qitaihe,2017-08-26,”≈,46,187,26,44,7,16,0.52,44
qitaihe,2017-08-27,”≈,41,132,18,38,8,18,0.38,62
qitaihe,2017-08-28,”≈,40,153,14,27,7,17,0.39,70
qitaihe,2017-08-29,”≈,46,253,12,47,7,17,0.22,48
qitaihe,2017-08-30,”≈,31,79,10,29,7,16,0.28,39
qitaihe,2017-08-31,”≈,43,159,15,45,7,22,0.59,34
qitaihe,2017-09-01,”≈,49,149,20,51,8,22,0.58,45
qitaihe,2017-09-02,”≈,39,79,19,35,7,24,0.51,43
qitaihe,2017-09-03,”≈,43,124,18,44,6,23,0.44,38
qitaihe,2017-09-04,”≈,49,195,19,53,7,23,0.54,48
qitaihe,2017-09-05,”≈,41,128,21,40,7,24,0.54,55
qitaihe,2017-09-06,”≈,44,161,16,41,6,19,0.55,65
qitaihe,2017-09-07,”≈,43,116,16,42,6,22,0.45,55
qitaihe,2017-09-08,”≈,43,108,17,43,6,17,0.38,60
qitaihe,2017-09-09,¡º,72,266,24,93,7,30,0.45,28
qitaihe,2017-09-10,”≈,44,143,17,45,9,25,0.41,39
qitaihe,2017-09-11,”≈,33,46,16,32,7,21,0.46,44
qitaihe,2017-09-12,”≈,45,90,17,46,8,24,0.48,38
qitaihe,2017-09-13,”≈,39,51,14,41,10,20,0.40,33
qitaihe,2017-09-14,”≈,48,96,16,53,10,22,0.44,26
qitaihe,2017-09-15,”≈,48,92,18,51,11,32,0.52,30
qitaihe,2017-09-16,”≈,47,86,15,52,11,28,0.48,35
qitaihe,2017-09-17,”≈,39,54,12,39,10,23,0.34,48
qitaihe,2017-09-18,”≈,32,20,17,30,10,27,0.50,33
qitaihe,2017-09-19,”≈,45,92,20,48,11,27,0.48,43
qitaihe,2017-09-20,¡º,54,200,22,59,11,29,0.48,35
qitaihe,2017-09-21,¡º,56,185,24,64,7,33,0.57,43
qitaihe,2017-09-22,¡º,52,126,19,57,10,22,0.49,60
qitaihe,2017-09-23,¡º,52,151,15,46,9,22,0.40,77
qitaihe,2017-09-24,¡º,62,232,17,73,8,16,0.32,80
qitaihe,2017-09-25,”≈,48,175,15,52,9,26,0.43,54
qitaihe,2017-09-26,”≈,42,112,17,41,10,24,0.46,55
qitaihe,2017-09-27,”≈,42,136,12,41,9,16,0.33,61
qitaihe,2017-09-28,”≈,41,120,12,40,10,16,0.25,55
qitaihe,2017-09-29,”≈,46,129,12,49,8,15,0.25,51
qitaihe,2017-09-30,¡º,56,204,17,62,9,22,0.30,42
qitaihe,2017-10-01,¡º,68,284,21,88,8,20,0.40,63
qitaihe,2017-10-02,”≈,33,77,13,30,7,17,0.28,48
qitaihe,2017-10-03,”≈,40,193,14,40,8,21,0.28,46
qitaihe,2017-10-05,¡º,56,292,20,65,10,27,0.36,66
qitaihe,2017-10-06,¡º,60,263,25,69,10,32,0.52,68
qitaihe,2017-10-07,¡º,63,223,35,76,9,26,0.52,77
qitaihe,2017-10-08,¡º,52,154,21,57,10,27,0.55,35
qitaihe,2017-10-09,”≈,33,83,19,31,9,24,0.41,30
qitaihe,2017-10-10,”≈,42,203,20,43,8,33,0.46,35
qitaihe,2017-10-11,”≈,42,228,21,43,11,33,0.46,37
qitaihe,2017-10-12,”≈,46,231,29,42,9,26,0.40,48
qitaihe,2017-10-13,”≈,45,184,20,47,10,26,0.39,55
qitaihe,2017-10-14,”≈,40,128,22,37,11,25,0.44,55
qitaihe,2017-10-15,¡º,53,240,25,58,11,31,0.43,46
qitaihe,2017-10-16,¡º,58,245,34,63,11,31,0.54,46
qitaihe,2017-10-17,¡º,61,267,36,68,12,27,0.41,51
qitaihe,2017-10-18,¡º,77,307,54,85,14,39,0.72,39
qitaihe,2017-10-19,÷–∂»Œ€»æ,192,361,151,218,18,51,1.14,38
qitaihe,2017-10-20,—œ÷ÿŒ€»æ,295,362,244,323,19,59,1.58,38
qitaihe,2017-10-21,¡º,72,225,47,68,12,25,0.49,55
qitaihe,2017-10-22,«·∂»Œ€»æ,105,312,75,109,12,41,0.70,39
qitaihe,2017-10-23,«·∂»Œ€»æ,141,360,103,150,15,43,0.87,37
qitaihe,2017-10-24,¡º,76,211,48,85,12,32,0.50,61
qitaihe,2017-10-25,÷ÿ∂»Œ€»æ,220,366,185,244,18,58,1.30,53
qitaihe,2017-10-26,—œ÷ÿŒ€»æ,271,366,223,292,15,58,1.42,31
qitaihe,2017-10-27,—œ÷ÿŒ€»æ,297,365,246,336,15,58,1.54,39
qitaihe,2017-10-28,÷–∂»Œ€»æ,186,354,122,225,14,39,0.98,60
qitaihe,2017-10-29,¡º,95,320,55,128,11,28,0.54,43
qitaihe,2017-10-30,«·∂»Œ€»æ,136,359,98,163,13,36,0.73,40
qitaihe,2017-10-31,÷–∂»Œ€»æ,153,354,111,174,13,41,0.99,42
qitaihe,2017-11-01,—œ÷ÿŒ€»æ,282,364,317,302,15,52,1.74,44
qitaihe,2017-11-02,—œ÷ÿŒ€»æ,382,365,406,378,14,51,1.72,51
qitaihe,2017-11-03,—œ÷ÿŒ€»æ,273,365,327,397,14,56,1.63,27
qitaihe,2017-11-04,÷–∂»Œ€»æ,163,355,122,167,11,40,0.83,27
qitaihe,2017-11-05,÷–∂»Œ€»æ,159,354,120,182,12,40,0.98,45
qitaihe,2017-11-06,÷–∂»Œ€»æ,199,355,155,214,11,55,1.31,54
qitaihe,2017-11-07,—œ÷ÿŒ€»æ,300,365,251,325,8,58,1.76,7
qitaihe,2017-11-08,”≈,38,40,25,32,7,25,0.50,22
qitaihe,2017-11-09,¡º,60,109,34,70,11,38,0.71,25
qitaihe,2017-11-10,”≈,44,46,27,41,12,26,0.62,32
qitaihe,2017-11-11,”≈,37,52,22,34,9,21,0.45,44
qitaihe,2017-11-12,¡º,59,144,33,70,15,34,0.83,30
qitaihe,2017-11-13,¡º,65,175,39,76,17,38,0.81,22
qitaihe,2017-11-14,”≈,42,85,24,41,11,21,0.43,38
qitaihe,2017-11-15,”≈,42,77,17,42,10,19,0.37,50
qitaihe,2017-11-16,”≈,41,38,22,41,10,28,0.56,39
qitaihe,2017-11-17,¡º,83,261,55,96,11,36,0.97,30
qitaihe,2017-11-18,¡º,65,292,44,70,10,29,0.74,37
qitaihe,2017-11-19,”≈,45,116,22,45,9,23,0.52,39
qitaihe,2017-11-20,”≈,50,143,28,52,12,29,0.61,36
qitaihe,2017-11-21,”≈,50,112,28,55,14,29,0.67,47
qitaihe,2017-11-22,¡º,68,201,37,82,11,27,0.68,42
qitaihe,2017-11-23,¡º,57,170,37,60,9,28,0.64,32
qitaihe,2017-11-24,”≈,49,99,31,49,10,23,0.63,41
qitaihe,2017-11-25,¡º,61,119,41,65,12,35,0.78,31
qitaihe,2017-11-26,¡º,60,139,37,66,15,30,0.75,38
qitaihe,2017-11-27,¡º,54,87,27,59,20,21,0.68,54
qitaihe,2017-11-28,¡º,61,66,39,66,21,19,0.72,65
qitaihe,2017-11-29,¡º,57,114,18,64,18,13,0.53,50
qitaihe,2017-11-30,”≈,46,128,22,47,16,21,0.57,50
qitaihe,2017-12-01,¡º,51,126,26,53,15,32,0.69,44
qitaihe,2017-12-02,¡º,66,145,45,71,18,33,0.90,31
qitaihe,2017-12-03,¡º,62,134,43,62,15,29,0.82,38
qitaihe,2017-12-04,¡º,74,221,53,70,19,33,1.08,28
qitaihe,2017-12-05,¡º,60,129,41,63,15,28,0.69,33
qitaihe,2017-12-06,¡º,69,94,48,75,16,37,0.70,32
qitaihe,2017-12-07,¡º,92,180,67,98,21,46,0.96,26
qitaihe,2017-12-08,«·∂»Œ€»æ,101,313,74,115,22,55,1.12,20
qitaihe,2017-12-09,«·∂»Œ€»æ,107,311,80,120,21,54,1.09,17
qitaihe,2017-12-10,¡º,79,161,54,88,16,43,0.73,27
qitaihe,2017-12-11,¡º,71,140,32,85,14,32,0.51,38
qitaihe,2017-12-12,¡º,62,138,21,71,8,22,0.36,50
qitaihe,2017-12-13,¡º,52,95,26,54,11,29,0.45,45
qitaihe,2017-12-14,¡º,66,176,46,68,18,48,0.80,29
qitaihe,2017-12-15,¡º,89,253,65,99,19,49,1.17,26
qitaihe,2017-12-16,¡º,77,240,55,76,18,41,0.78,29
qitaihe,2017-12-17,¡º,53,97,34,53,15,29,0.57,36
qitaihe,2017-12-18,¡º,69,169,48,80,20,35,0.89,29
qitaihe,2017-12-19,”≈,49,54,29,49,9,25,0.56,40
qitaihe,2017-12-20,¡º,55,64,34,56,11,38,0.71,39
qitaihe,2017-12-21,¡º,64,88,43,72,14,43,0.87,36
qitaihe,2017-12-22,¡º,98,151,72,117,18,51,1.48,25
qitaihe,2017-12-23,«·∂»Œ€»æ,144,243,109,152,18,64,1.67,21
qitaihe,2017-12-24,«·∂»Œ€»æ,105,210,78,116,13,45,1.20,23
qitaihe,2017-12-25,¡º,74,118,53,76,11,33,0.77,30
qitaihe,2017-12-26,¡º,61,85,24,68,9,23,0.51,41
qitaihe,2017-12-27,”≈,46,31,17,48,8,24,0.33,56
qitaihe,2017-12-28,¡º,55,56,30,58,13,38,0.51,39
qitaihe,2017-12-29,¡º,67,79,41,79,16,26,0.61,36
qitaihe,2017-12-30,¡º,79,108,57,96,19,35,0.80,25
qitaihe,2017-12-31,¡º,82,108,59,83,17,31,0.79,31
qitaihe,2018-01-01,¡º,96,135,71,98,24,33,0.98,39
qitaihe,2018-01-02,«·∂»Œ€»æ,114,246,85,125,21,29,1.04,32
qitaihe,2018-01-03,¡º,63,198,44,63,12,31,0.69,32
qitaihe,2018-01-04,¡º,55,206,36,52,10,33,0.58,39
qitaihe,2018-01-05,¡º,72,207,48,81,11,38,0.79,41
qitaihe,2018-01-06,¡º,60,168,40,61,10,29,0.60,46
qitaihe,2018-01-07,¡º,59,180,38,64,11,33,0.59,45
qitaihe,2018-01-08,¡º,99,275,72,120,18,44,1.19,31
qitaihe,2018-01-09,¡º,51,119,28,53,9,20,0.44,54
qitaihe,2018-01-10,”≈,44,84,28,42,10,18,0.43,42
qitaihe,2018-01-11,”≈,48,103,26,49,10,21,0.41,53
qitaihe,2018-01-12,¡º,69,182,47,78,10,36,0.69,45
qitaihe,2018-01-13,¡º,97,210,70,108,15,47,1.09,32
qitaihe,2018-01-14,¡º,68,81,45,76,16,28,0.75,52
qitaihe,2018-01-15,¡º,90,143,66,98,15,28,0.82,50
qitaihe,2018-01-16,¡º,94,146,69,104,15,42,1.10,32
qitaihe,2018-01-17,¡º,91,137,67,96,17,32,0.89,33
qitaihe,2018-01-18,«·∂»Œ€»æ,104,164,77,108,15,34,0.95,41
qitaihe,2018-01-19,¡º,96,148,68,111,16,37,1.12,37
qitaihe,2018-01-20,¡º,82,137,51,97,16,28,0.73,46
qitaihe,2018-01-21,¡º,53,70,29,54,13,21,0.45,47
qitaihe,2018-01-22,¡º,54,89,35,53,16,26,0.51,45
qitaihe,2018-01-23,¡º,75,195,53,75,14,30,0.70,34
qitaihe,2018-01-24,¡º,66,218,42,72,11,18,0.48,51
qitaihe,2018-01-25,¡º,65,250,24,79,8,15,0.35,62
qitaihe,2018-01-26,¡º,55,183,25,60,8,15,0.39,60
qitaihe,2018-01-27,¡º,52,150,29,54,9,19,0.46,62
qitaihe,2018-01-28,¡º,59,162,32,65,8,23,0.51,53
qitaihe,2018-01-29,¡º,52,95,33,53,11,20,0.52,53
qitaihe,2018-01-30,¡º,74,149,49,82,11,32,0.80,49
qitaihe,2018-01-31,¡º,67,114,45,73,16,30,0.63,54
qitaihe,2018-02-01,«·∂»Œ€»æ,101,260,73,121,22,43,1.09,41
qitaihe,2018-02-02,¡º,90,252,66,103,24,40,0.86,46
qitaihe,2018-02-03,«·∂»Œ€»æ,126,353,94,142,25,38,1.09,44
qitaihe,2018-02-04,«·∂»Œ€»æ,135,357,101,133,27,32,1.01,55
qitaihe,2018-02-05,¡º,77,239,53,78,22,24,0.67,53
qitaihe,2018-02-06,¡º,57,92,31,62,16,22,0.46,54
qitaihe,2018-02-07,¡º,56,56,34,60,14,23,0.53,57
qitaihe,2018-02-08,¡º,66,71,45,66,15,26,0.59,63
qitaihe,2018-02-09,¡º,82,99,51,105,18,35,0.83,57
qitaihe,2018-02-10,¡º,79,156,48,105,19,23,0.62,64
qitaihe,2018-02-11,¡º,51,55,25,57,17,16,0.40,64
qitaihe,2018-02-12,”≈,41,22,25,37,17,19,0.42,63
qitaihe,2018-02-13,¡º,55,56,33,56,18,23,0.56,59
qitaihe,2018-02-14,¡º,63,106,41,67,21,23,0.66,61
qitaihe,2018-02-15,¡º,61,100,38,59,26,15,0.45,71
qitaihe,2018-02-16,«·∂»Œ€»æ,136,220,103,133,35,27,0.88,55
qitaihe,2018-02-17,”≈,43,29,25,40,19,14,0.34,67
qitaihe,2018-02-18,¡º,53,112,35,50,23,24,0.56,60
qitaihe,2018-02-19,¡º,54,145,25,42,18,18,0.46,91
qitaihe,2018-02-20,¡º,77,243,28,48,19,18,0.45,110
qitaihe,2018-02-21,”≈,50,135,29,47,16,20,0.50,69
qitaihe,2018-02-22,¡º,62,202,42,64,21,26,0.66,67
qitaihe,2018-02-23,¡º,57,164,38,57,16,23,0.57,71
qitaihe,2018-02-24,¡º,62,196,40,65,16,23,0.63,62
qitaihe,2018-02-25,¡º,52,91,32,51,15,21,0.53,71
qitaihe,2018-02-26,¡º,67,156,42,77,16,29,0.70,55
qitaihe,2018-02-27,¡º,65,161,42,73,15,28,0.86,53
qitaihe,2018-02-28,¡º,82,231,46,110,15,26,0.78,64
qitaihe,2018-03-01,¡º,53,105,28,55,12,19,0.45,82
qitaihe,2018-03-02,¡º,53,96,33,49,15,17,0.43,89
qitaihe,2018-03-03,¡º,67,159,41,79,15,26,0.62,77
qitaihe,2018-03-04,¡º,53,120,30,53,13,15,0.44,90
qitaihe,2018-03-05,¡º,51,206,31,51,13,22,0.51,84
qitaihe,2018-03-06,”≈,50,172,26,48,12,17,0.50,83
qitaihe,2018-03-07,¡º,56,214,34,61,16,27,0.74,72
qitaihe,2018-03-08,¡º,55,185,36,53,14,24,0.71,84
qitaihe,2018-03-09,¡º,63,153,42,62,15,29,0.81,75
qitaihe,2018-03-10,¡º,55,42,30,54,15,24,0.70,70
qitaihe,2018-03-11,¡º,58,51,37,56,13,28,0.76,81
qitaihe,2018-03-12,¡º,72,148,47,82,18,37,1.15,72
qitaihe,2018-03-13,¡º,73,138,52,76,19,35,0.91,73
qitaihe,2018-03-14,¡º,57,96,37,57,18,32,0.86,66
qitaihe,2018-03-15,”≈,47,62,23,37,16,19,0.55,84
qitaihe,2018-03-16,”≈,49,117,25,45,16,25,0.55,85
qitaihe,2018-03-17,¡º,55,150,30,51,18,29,0.61,94
qitaihe,2018-03-18,¡º,57,175,34,56,17,22,0.61,98
qitaihe,2018-03-19,”≈,46,90,16,38,17,14,0.39,84
qitaihe,2018-03-20,”≈,42,80,19,40,15,23,0.45,65
qitaihe,2018-03-21,¡º,61,185,26,74,13,32,0.72,60
qitaihe,2018-03-22,¡º,75,175,36,100,13,37,0.79,71
qitaihe,2018-03-23,¡º,68,78,39,81,16,28,0.85,73
qitaihe,2018-03-24,¡º,83,190,48,108,15,23,0.58,95
qitaihe,2018-03-25,¡º,77,165,45,97,16,20,0.65,92
qitaihe,2018-03-26,¡º,85,194,53,101,19,28,0.74,77
qitaihe,2018-03-27,«·∂»Œ€»æ,130,330,70,193,16,26,0.71,134
qitaihe,2018-03-28,÷–∂»Œ€»æ,158,330,37,226,14,15,0.67,97
qitaihe,2018-03-29,¡º,59,97,26,67,14,19,0.36,77
qitaihe,2018-03-30,¡º,75,184,39,88,18,27,0.41,75
qitaihe,2018-03-31,÷–∂»Œ€»æ,155,351,106,201,18,41,0.79,75
qitaihe,2018-04-01,«·∂»Œ€»æ,140,323,105,153,19,36,0.70,78
qitaihe,2018-04-02,«·∂»Œ€»æ,113,277,52,166,15,25,0.52,95
qitaihe,2018-04-03,¡º,89,232,22,126,15,16,0.45,77
qitaihe,2018-04-04,¡º,76,236,20,104,15,15,0.48,68
qitaihe,2018-04-05,¡º,54,126,26,59,17,20,0.52,68
qitaihe,2018-04-05,¡º,54,126,26,59,17,20,0.52,68
qitaihe,2018-04-06,÷–∂»Œ€»æ,152,357,119,133,17,35,0.81,89
qitaihe,2018-04-07,÷ÿ∂»Œ€»æ,208,361,168,224,16,34,0.90,93
qitaihe,2018-04-08,¡º,77,189,44,97,18,22,0.43,105
qitaihe,2018-04-09,¡º,62,60,33,56,16,26,0.62,99
qitaihe,2018-04-10,¡º,78,130,46,89,17,28,0.60,91
qitaihe,2018-04-11,”≈,49,35,14,17,12,20,0.55,95
qitaihe,2018-04-12,¡º,53,65,15,25,13,19,0.53,100
qitaihe,2018-04-13,¡º,59,223,23,53,11,22,0.56,98
qitaihe,2018-04-14,”≈,46,98,21,32,14,25,0.71,87
qitaihe,2018-04-15,”≈,48,68,16,22,14,22,0.59,93
qitaihe,2018-04-16,¡º,63,101,22,56,15,25,0.56,107
qitaihe,2018-04-17,¡º,83,168,24,78,17,25,0.48,139
qitaihe,2018-04-18,÷–∂»Œ€»æ,177,358,67,271,15,34,0.80,130
qitaihe,2018-04-19,¡º,92,210,60,128,17,32,0.63,85
qitaihe,2018-04-20,¡º,82,221,50,98,16,33,0.59,101
qitaihe,2018-04-21,¡º,76,293,49,70,13,21,0.50,92
qitaihe,2018-04-22,¡º,74,321,32,84,13,29,0.44,96
qitaihe,2018-04-23,«·∂»Œ€»æ,108,360,65,137,15,46,0.72,107
qitaihe,2018-04-24,«·∂»Œ€»æ,129,360,86,159,16,44,0.75,108
qitaihe,2018-04-25,«·∂»Œ€»æ,125,359,66,152,16,46,0.68,111
qitaihe,2018-04-26,«·∂»Œ€»æ,130,354,49,168,17,27,0.45,127
qitaihe,2018-04-27,¡º,75,194,25,84,17,24,0.31,111
qitaihe,2018-04-28,«·∂»Œ€»æ,115,306,55,177,19,42,0.48,106
qitaihe,2018-04-29,«·∂»Œ€»æ,127,325,72,168,17,40,0.70,145
qitaihe,2018-04-30,¡º,55,114,19,49,14,29,0.38,91
qitaihe,2018-05-01,¡º,77,246,28,101,17,26,0.39,91
qitaihe,2018-05-02,¡º,86,325,38,109,16,25,0.46,100
qitaihe,2018-05-03,¡º,99,361,37,124,18,18,0.31,118
qitaihe,2018-05-04,¡º,53,74,16,23,17,20,0.30,95
qitaihe,2018-05-05,¡º,53,112,20,45,18,21,0.40,93
qitaihe,2018-05-06,¡º,79,314,23,106,20,23,0.40,99
qitaihe,2018-05-07,¡º,54,162,21,54,19,22,0.36,88
qitaihe,2018-05-08,¡º,64,196,22,67,17,24,0.45,71
qitaihe,2018-05-09,¡º,71,197,24,73,17,23,0.41,94
qitaihe,2018-05-10,¡º,83,261,24,89,13,21,0.32,129
qitaihe,2018-05-11,¡º,86,322,23,88,13,17,0.26,126
qitaihe,2018-05-12,«·∂»Œ€»æ,101,321,30,101,13,25,0.35,136
qitaihe,2018-05-13,¡º,82,234,31,82,11,24,0.35,124
qitaihe,2018-05-14,¡º,96,293,31,87,12,19,0.41,141
qitaihe,2018-05-15,«·∂»Œ€»æ,120,355,54,143,12,17,0.55,164
qitaihe,2018-05-16,¡º,79,283,33,80,10,10,0.39,110
qitaihe,2018-05-17,”≈,48,79,19,45,11,16,0.45,82
qitaihe,2018-05-18,¡º,54,105,17,44,8,17,0.39,92
qitaihe,2018-05-19,¡º,79,328,21,94,8,21,0.43,97
qitaihe,2018-05-20,¡º,70,322,24,70,13,23,0.41,103
qitaihe,2018-05-21,¡º,95,345,30,104,10,26,0.43,123
qitaihe,2018-05-22,¡º,87,323,24,119,8,19,0.48,116
qitaihe,2018-05-23,¡º,63,141,11,36,9,16,0.39,107
qitaihe,2018-05-24,¡º,60,117,19,45,10,14,0.40,104
qitaihe,2018-05-25,”≈,43,67,13,37,10,15,0.45,70
qitaihe,2018-05-26,¡º,53,145,18,42,10,19,0.38,81
qitaihe,2018-05-27,”≈,43,63,15,32,10,17,0.44,81
qitaihe,2018-05-28,”≈,47,55,17,34,9,18,0.40,84
qitaihe,2018-05-29,¡º,56,111,22,51,8,20,0.46,86
qitaihe,2018-05-30,¡º,72,202,29,71,9,24,0.53,84
qitaihe,2018-05-31,¡º,80,254,44,92,8,26,0.74,116
qitaihe,2018-06-01,¡º,97,269,44,86,8,27,0.58,123
qitaihe,2018-06-02,«·∂»Œ€»æ,130,346,44,115,8,32,0.58,183
qitaihe,2018-06-03,«·∂»Œ€»æ,115,312,39,100,9,31,0.54,146
qitaihe,2018-06-04,«·∂»Œ€»æ,101,318,39,97,8,28,0.45,141
qitaihe,2018-06-05,¡º,92,286,25,78,8,21,0.50,143
qitaihe,2018-06-06,¡º,59,132,18,40,8,23,0.38,108
qitaihe,2018-06-07,¡º,53,108,16,33,6,17,0.35,96
qitaihe,2018-06-08,”≈,33,51,10,30,7,13,0.28,52
qitaihe,2018-06-09,¡º,60,252,11,64,5,19,0.32,70
qitaihe,2018-06-10,”≈,50,99,11,38,8,16,0.28,83
qitaihe,2018-06-11,¡º,51,89,15,55,7,25,0.42,66
qitaihe,2018-06-12,¡º,54,110,19,55,7,23,0.33,69
qitaihe,2018-06-13,¡º,89,306,30,128,8,25,0.43,66
qitaihe,2018-06-14,”≈,39,54,17,36,5,13,0.28,61
qitaihe,2018-06-15,”≈,38,44,14,34,10,13,0.21,59
qitaihe,2018-06-16,”≈,41,43,13,40,8,14,0.24,64
qitaihe,2018-06-17,”≈,50,111,15,37,4,13,0.25,89
qitaihe,2018-06-18,¡º,58,156,14,32,8,19,0.39,103
qitaihe,2018-06-19,¡º,53,193,12,30,5,15,0.41,99
qitaihe,2018-06-20,”≈,47,169,13,34,5,15,0.38,80
qitaihe,2018-06-21,”≈,36,58,13,33,5,12,0.33,54
qitaihe,2018-06-22,¡º,52,185,13,37,6,20,0.37,93
qitaihe,2018-06-23,¡º,65,228,14,53,5,14,0.34,106
qitaihe,2018-06-24,”≈,40,117,10,35,5,17,0.43,62
qitaihe,2018-06-25,”≈,29,63,11,25,5,16,0.38,46
qitaihe,2018-06-26,”≈,50,218,18,33,8,15,0.50,95
qitaihe,2018-06-27,¡º,51,220,23,44,5,23,0.52,75
qitaihe,2018-06-28,¡º,53,228,22,43,9,28,0.65,70
qitaihe,2018-06-29,¡º,51,154,19,49,12,21,0.63,68
qitaihe,2018-06-30,¡º,53,188,16,32,8,17,0.47,101
qitaihe,2018-07-01,¡º,91,328,25,51,10,23,0.62,123
qitaihe,2018-07-02,¡º,57,226,17,59,9,19,0.50,75
qitaihe,2018-07-03,”≈,33,68,10,16,6,13,0.35,65
qitaihe,2018-07-04,”≈,26,25,9,18,7,10,0.37,42
qitaihe,2018-07-05,”≈,32,55,10,31,7,14,0.35,41
qitaihe,2018-07-06,”≈,30,56,10,27,8,12,0.35,48
qitaihe,2018-07-07,”≈,37,165,11,35,11,15,0.59,52
qitaihe,2018-07-08,”≈,41,188,9,41,10,13,0.28,56
qitaihe,2018-07-09,”≈,32,111,14,33,10,18,0.40,47
qitaihe,2018-07-10,”≈,49,247,13,48,9,21,0.44,54
qitaihe,2018-07-11,¡º,80,351,21,71,14,26,0.54,98
qitaihe,2018-07-12,”≈,32,78,10,19,9,25,0.44,52
qitaihe,2018-07-13,¡º,51,242,19,36,8,20,0.48,85
qitaihe,2018-07-14,”≈,47,199,20,49,8,28,0.54,50
qitaihe,2018-07-15,”≈,47,183,16,39,8,31,0.45,66
qitaihe,2018-07-16,¡º,59,269,25,58,11,37,0.54,76
qitaihe,2018-07-17,”≈,34,86,22,27,12,35,0.77,38
qitaihe,2018-07-18,”≈,39,114,22,37,8,23,0.74,36
qitaihe,2018-07-19,”≈,44,141,18,40,7,18,0.41,78
qitaihe,2018-07-20,¡º,56,213,25,40,7,22,0.48,84
qitaihe,2018-07-21,”≈,42,77,26,38,8,17,0.49,64
qitaihe,2018-07-22,¡º,57,196,36,58,7,20,0.62,59
qitaihe,2018-07-23,¡º,64,271,31,60,7,20,0.61,77
qitaihe,2018-07-24,¡º,62,258,34,62,9,25,0.73,77
qitaihe,2018-07-25,”≈,48,159,25,44,9,12,0.42,72
qitaihe,2018-07-26,”≈,38,98,11,35,10,13,0.41,40
qitaihe,2018-07-27,”≈,38,88,14,36,7,21,0.45,40
qitaihe,2018-07-28,¡º,61,250,23,51,12,24,0.47,80
qitaihe,2018-07-29,¡º,55,182,17,42,9,16,0.41,78
qitaihe,2018-07-30,¡º,58,216,20,51,8,22,0.43,81
qitaihe,2018-07-31,¡º,51,177,31,54,8,23,0.53,41
qitaihe,2018-08-01,”≈,47,161,17,49,8,18,0.53,67
qitaihe,2018-08-02,¡º,52,204,21,48,7,23,0.48,70
qitaihe,2018-08-03,¡º,54,234,19,61,9,23,0.71,43
qitaihe,2018-08-04,”≈,28,31,11,15,6,18,0.61,42
qitaihe,2018-08-05,”≈,34,53,9,33,7,14,0.45,43
qitaihe,2018-08-06,”≈,48,152,14,49,11,20,0.51,58
qitaihe,2018-08-07,”≈,36,64,9,31,18,18,0.44,58
qitaihe,2018-08-08,”≈,28,17,6,24,12,17,0.42,41
qitaihe,2018-08-09,”≈,35,26,8,37,9,23,0.59,50
qitaihe,2018-08-10,”≈,48,111,14,49,10,23,0.59,51
qitaihe,2018-08-11,”≈,43,78,10,44,10,20,0.41,46
qitaihe,2018-08-12,”≈,48,142,16,51,9,22,0.38,51
qitaihe,2018-08-13,¡º,59,256,20,67,11,27,0.46,66
qitaihe,2018-08-14,¡º,53,252,16,56,11,26,0.65,49
qitaihe,2018-08-15,”≈,40,152,13,44,9,22,0.33,33
qitaihe,2018-08-16,”≈,42,175,11,43,11,19,0.29,39
qitaihe,2018-08-17,”≈,38,102,10,38,12,20,0.36,52
qitaihe,2018-08-18,”≈,48,225,13,49,11,26,0.39,60
qitaihe,2018-08-19,¡º,51,234,15,55,9,29,0.39,72
qitaihe,2018-08-20,¡º,68,322,19,75,10,24,0.58,85
qitaihe,2018-08-21,”≈,37,38,8,19,11,18,0.71,66
qitaihe,2018-08-22,¡º,51,159,12,48,8,16,0.42,88
qitaihe,2018-08-23,¡º,55,161,18,62,9,23,0.53,54
qitaihe,2018-08-25,”≈,20,5,10,17,8,16,0.48,33
qitaihe,2018-08-27,”≈,43,95,15,43,8,26,0.61,48
qitaihe,2018-08-29,”≈,25,20,9,22,9,19,0.53,38
qitaihe,2018-08-31,”≈,42,179,11,42,8,19,0.42,48
qitaihe,2018-09-02,”≈,34,106,9,33,10,18,0.32,50
qitaihe,2018-09-03,”≈,29,46,7,19,9,24,0.36,55
qitaihe,2018-09-04,”≈,29,61,7,16,7,16,0.44,49
qitaihe,2018-09-05,”≈,23,27,9,19,7,14,0.37,42
qitaihe,2018-09-06,”≈,33,57,10,28,8,19,0.35,54
qitaihe,2018-09-07,”≈,24,16,9,21,5,13,0.30,35
qitaihe,2018-09-08,”≈,29,41,10,24,5,13,0.25,47
qitaihe,2018-09-09,”≈,44,110,12,45,5,16,0.27,41
qitaihe,2018-09-10,¡º,61,258,17,77,6,22,0.48,42
qitaihe,2018-09-11,”≈,44,102,15,46,9,20,0.47,46
qitaihe,2018-09-12,”≈,39,96,11,39,7,15,0.35,53
qitaihe,2018-09-13,”≈,43,146,14,37,6,16,0.35,79
qitaihe,2018-09-14,¡º,52,208,19,54,6,26,0.55,65
qitaihe,2018-09-15,”≈,49,195,17,49,6,19,0.48,52
qitaihe,2018-09-16,”≈,33,108,10,31,6,16,0.30,62
qitaihe,2018-09-17,”≈,45,214,12,45,6,18,0.33,61
qitaihe,2018-09-18,”≈,49,240,14,53,7,21,0.50,53
qitaihe,2018-09-19,¡º,56,277,18,64,5,19,0.47,38
qitaihe,2018-09-20,¡º,51,239,20,55,9,23,0.46,55
qitaihe,2018-09-21,¡º,51,206,13,54,9,16,0.32,57
qitaihe,2018-09-22,”≈,40,121,13,38,7,18,0.25,32
qitaihe,2018-09-23,”≈,35,96,15,34,6,20,0.43,20
qitaihe,2018-09-24,”≈,34,97,16,30,7,14,0.26,30
qitaihe,2018-09-25,”≈,44,172,13,46,6,16,0.24,37
qitaihe,2018-09-26,”≈,50,243,18,56,7,20,0.31,37
qitaihe,2018-09-27,¡º,59,281,25,72,9,24,0.48,33
qitaihe,2018-09-28,¡º,58,256,24,69,8,26,0.47,36
qitaihe,2018-09-29,¡º,60,238,19,74,8,20,0.35,41
qitaihe,2018-09-30,¡º,58,202,19,67,8,20,0.56,36
qitaihe,2018-10-01,¡º,58,254,17,69,5,15,0.26,44
qitaihe,2018-10-02,”≈,50,131,15,55,7,18,0.25,55
qitaihe,2018-10-03,¡º,52,117,20,61,8,27,0.36,38
qitaihe,2018-10-04,¡º,65,186,22,82,9,31,0.54,46
qitaihe,2018-10-05,¡º,60,164,22,71,10,28,0.49,45
qitaihe,2018-10-06,¡º,65,182,21,81,11,29,0.55,31
qitaihe,2018-10-07,¡º,56,145,15,63,6,19,0.26,40
qitaihe,2018-10-08,¡º,54,137,14,59,6,20,0.26,32
qitaihe,2018-10-09,”≈,48,137,13,54,8,21,0.22,34
qitaihe,2018-10-10,”≈,46,157,16,50,8,21,0.38,25
qitaihe,2018-10-11,”≈,34,58,14,33,5,17,0.26,28
qitaihe,2018-10-12,”≈,45,89,16,46,6,23,0.35,37
qitaihe,2018-10-13,”≈,42,56,14,42,4,24,0.38,56
qitaihe,2018-10-14,¡º,64,240,26,69,5,24,0.52,73
qitaihe,2018-10-15,”≈,27,44,11,24,4,15,0.21,29
qitaihe,2018-10-16,”≈,33,80,10,33,7,12,0.19,28
qitaihe,2018-10-17,”≈,47,156,13,50,6,20,0.29,28
qitaihe,2018-10-18,”≈,47,161,17,50,6,26,0.33,36
qitaihe,2018-10-19,¡º,58,246,17,68,5,27,0.28,47
qitaihe,2018-10-20,¡º,71,283,24,90,7,32,0.42,48
qitaihe,2018-10-21,¡º,76,276,31,101,8,44,0.57,49
qitaihe,2018-10-22,¡º,72,250,27,91,11,35,0.44,52
qitaihe,2018-10-23,”≈,47,142,17,45,8,24,0.41,58
qitaihe,2018-10-24,”≈,49,125,19,52,7,26,0.63,42
qitaihe,2018-10-25,¡º,69,213,26,86,11,34,0.68,31
qitaihe,2018-10-26,”≈,49,121,17,51,15,23,0.44,56
qitaihe,2018-10-27,”≈,29,25,11,26,11,15,0.26,35
qitaihe,2018-10-28,”≈,31,45,13,28,12,18,0.28,34
qitaihe,2018-10-29,”≈,40,95,22,38,11,19,0.39,21
qitaihe,2018-10-30,”≈,35,50,15,35,8,12,0.23,30
qitaihe,2018-10-31,”≈,50,97,22,54,7,20,0.35,30
qitaihe,2018-11-01,¡º,55,112,24,61,8,26,0.42,32
qitaihe,2018-11-02,”≈,50,87,21,52,10,31,0.40,46
qitaihe,2018-11-03,¡º,73,238,38,93,10,38,0.68,73
qitaihe,2018-11-04,”≈,49,132,19,49,8,24,0.30,40
qitaihe,2018-11-05,¡º,57,234,19,65,6,30,0.36,25
qitaihe,2018-11-06,¡º,58,304,22,71,13,33,0.53,28
qitaihe,2018-11-07,¡º,62,292,29,74,10,38,0.63,32
qitaihe,2018-11-08,¡º,54,231,24,60,12,35,0.59,26
qitaihe,2018-11-09,”≈,22,3,12,15,9,22,0.34,40
qitaihe,2018-11-10,”≈,22,4,14,17,8,21,0.34,43
qitaihe,2018-11-11,¡º,52,132,34,54,9,35,0.58,42
qitaihe,2018-11-12,¡º,77,254,56,80,9,34,0.67,33
qitaihe,2018-11-13,”≈,40,87,25,37,7,27,0.36,37
qitaihe,2018-11-14,”≈,50,122,29,51,9,37,0.54,31
qitaihe,2018-11-15,¡º,59,209,35,64,15,42,0.70,18
qitaihe,2018-11-16,”≈,35,117,18,32,6,25,0.32,49
qitaihe,2018-11-17,”≈,46,209,24,47,8,35,0.42,43
qitaihe,2018-11-18,¡º,71,280,46,82,13,44,0.69,28
qitaihe,2018-11-19,¡º,72,255,49,83,12,42,0.70,39
qitaihe,2018-11-20,¡º,56,175,31,62,12,35,0.62,40
qitaihe,2018-11-21,”≈,40,90,19,40,8,26,0.33,47
qitaihe,2018-11-22,¡º,54,153,24,60,8,25,0.33,41
qitaihe,2018-11-23,”≈,42,36,19,41,6,27,0.31,42
qitaihe,2018-11-24,¡º,56,84,30,62,8,35,0.53,39
qitaihe,2018-11-25,«·∂»Œ€»æ,112,239,80,148,15,58,1.48,23
qitaihe,2018-11-26,¡º,71,114,39,80,10,35,0.73,62
qitaihe,2018-11-27,¡º,84,162,19,116,9,32,0.29,56
qitaihe,2018-11-28,¡º,56,69,16,60,8,22,0.31,43
qitaihe,2018-11-29,¡º,59,81,22,69,7,26,0.44,38
qitaihe,2018-11-30,¡º,51,51,21,55,9,27,0.43,36
qitaihe,2018-12-01,”≈,43,41,22,42,7,24,0.41,39
qitaihe,2018-12-02,”≈,43,39,13,41,6,21,0.31,71
qitaihe,2018-12-03,¡º,60,100,21,69,6,22,0.48,58
qitaihe,2018-12-04,¡º,53,162,20,59,5,16,0.26,36
qitaihe,2018-12-05,¡º,52,131,22,56,5,22,0.30,38
qitaihe,2018-12-06,¡º,51,210,23,52,5,23,0.33,44
qitaihe,2018-12-07,¡º,53,276,20,56,3,16,0.24,52
qitaihe,2018-12-08,”≈,50,226,18,53,3,18,0.20,53
qitaihe,2018-12-09,¡º,54,191,24,59,7,26,0.28,47
qitaihe,2018-12-10,¡º,58,184,29,67,9,32,0.38,37
qitaihe,2018-12-11,¡º,83,255,48,112,11,38,0.65,27
qitaihe,2018-12-12,«·∂»Œ€»æ,105,270,69,140,9,45,0.78,26
qitaihe,2018-12-13,÷ÿ∂»Œ€»æ,202,359,155,236,9,41,1.10,30
qitaihe,2018-12-14,¡º,69,146,42,71,7,31,0.44,41
qitaihe,2018-12-15,¡º,58,113,35,62,6,31,0.47,52
qitaihe,2018-12-16,¡º,86,185,53,115,9,43,0.89,28
qitaihe,2018-12-17,¡º,66,138,32,80,7,34,0.47,43
qitaihe,2018-12-18,¡º,62,107,25,76,6,28,0.35,42
qitaihe,2018-12-19,¡º,60,87,22,70,6,23,0.31,46
qitaihe,2018-12-20,¡º,72,135,43,91,10,36,0.60,29
qitaihe,2018-12-21,¡º,92,250,61,123,13,38,1.04,24
qitaihe,2018-12-28,”≈,45,157,20,47,5,19,0.42,48
qitaihe,2018-12-29,”≈,44,122,18,44,4,17,0.33,58
qitaihe,2018-12-30,”≈,44,87,25,44,7,24,0.44,48
qitaihe,2018-12-31,¡º,54,146,32,53,6,22,0.44,50
qitaihe,2019-01-01,¡º,51,113,25,51,5,20,0.45,56
qitaihe,2019-01-02,¡º,61,139,38,69,8,28,0.63,39
qitaihe,2019-01-03,¡º,55,104,33,57,7,25,0.52,38
qitaihe,2019-01-04,¡º,76,196,34,98,7,24,0.80,35
qitaihe,2019-01-05,”≈,48,118,22,49,5,20,0.40,44
qitaihe,2019-01-06,¡º,55,133,31,60,9,26,0.53,36
qitaihe,2019-01-07,¡º,58,123,36,63,7,26,0.56,40
qitaihe,2019-01-08,¡º,66,165,43,76,8,24,0.56,39
qitaihe,2019-01-09,¡º,57,168,19,69,6,24,0.41,47
qitaihe,2019-01-10,¡º,94,250,51,133,10,35,0.86,18
qitaihe,2019-01-11,¡º,71,177,43,85,9,36,0.74,28
qitaihe,2019-01-12,¡º,85,186,56,110,12,37,0.97,19
qitaihe,2019-01-13,«·∂»Œ€»æ,112,207,81,140,11,41,1.05,21
qitaihe,2019-01-14,÷ÿ∂»Œ€»æ,201,304,153,247,9,47,1.74,16
qitaihe,2019-01-15,«·∂»Œ€»æ,122,273,90,138,6,28,1.08,37
qitaihe,2019-01-16,”≈,43,79,20,43,6,18,0.29,55
qitaihe,2019-01-17,”≈,42,54,19,40,6,12,0.24,57
qitaihe,2019-01-18,”≈,47,48,27,46,12,23,0.39,45
qitaihe,2019-01-19,¡º,90,191,63,99,15,39,0.94,33
qitaihe,2019-01-20,¡º,61,166,38,65,11,22,0.43,50
qitaihe,2019-01-21,¡º,51,92,33,47,11,25,0.45,40
qitaihe,2019-01-22,¡º,56,66,34,59,9,28,0.46,44
qitaihe,2019-01-23,¡º,53,63,34,56,8,17,0.30,51
qitaihe,2019-01-24,”≈,40,24,24,37,9,16,0.32,47
qitaihe,2019-01-25,¡º,53,65,35,54,14,18,0.43,46
qitaihe,2019-01-26,¡º,53,100,30,52,13,20,0.43,46
qitaihe,2019-01-27,”≈,48,48,28,48,9,23,0.47,52
qitaihe,2019-01-28,¡º,82,195,53,98,15,24,0.80,43
qitaihe,2019-01-29,¡º,55,86,32,57,9,25,0.58,44
qitaihe,2019-01-30,¡º,91,210,33,128,8,16,0.43,55
qitaihe,2019-01-31,¡º,52,158,19,55,6,12,0.35,58
qitaihe,2019-02-01,¡º,76,192,50,93,10,27,0.83,43
qitaihe,2019-02-02,«·∂»Œ€»æ,105,253,75,132,10,28,1.17,38
qitaihe,2019-02-03,¡º,75,151,47,94,15,23,0.81,49
qitaihe,2019-02-04,¡º,51,70,28,56,16,12,0.45,50
qitaihe,2019-02-05,«·∂»Œ€»æ,101,164,73,108,23,19,0.74,40
qitaihe,2019-02-06,”≈,44,65,27,43,9,11,0.48,50
qitaihe,2019-02-07,¡º,53,163,24,60,8,10,0.38,51
qitaihe,2019-02-08,”≈,36,110,20,33,6,9,0.36,57
qitaihe,2019-02-09,”≈,50,179,33,50,10,15,0.49,53
qitaihe,2019-02-10,¡º,60,205,41,62,11,18,0.57,56
qitaihe,2019-02-11,¡º,68,209,44,77,12,24,0.70,46
qitaihe,2019-02-12,¡º,70,232,45,77,11,16,0.55,57
qitaihe,2019-02-13,¡º,53,179,32,57,13,16,0.48,58
qitaihe,2019-02-14,¡º,61,215,38,66,11,17,0.45,63
qitaihe,2019-02-15,«·∂»Œ€»æ,116,326,86,117,15,28,0.87,59
qitaihe,2019-02-16,¡º,88,306,61,99,10,19,0.58,63
qitaihe,2019-02-17,¡º,60,240,34,64,8,11,0.39,69
qitaihe,2019-02-18,¡º,54,192,34,57,11,19,0.57,68
qitaihe,2019-02-19,«·∂»Œ€»æ,118,279,88,123,19,31,1.05,58
qitaihe,2019-02-20,÷–∂»Œ€»æ,185,318,143,196,14,30,1.13,72
qitaihe,2019-02-21,«·∂»Œ€»æ,137,289,103,148,12,28,0.81,78
qitaihe,2019-02-22,«·∂»Œ€»æ,141,296,107,147,17,34,0.82,71
qitaihe,2019-02-23,¡º,68,166,46,67,8,22,0.56,68
qitaihe,2019-02-24,¡º,66,160,35,81,5,13,0.43,80
qitaihe,2019-02-25,«·∂»Œ€»æ,103,241,76,107,10,20,0.69,66
qitaihe,2019-02-26,—œ÷ÿŒ€»æ,275,361,246,294,17,51,1.43,69
qitaihe,2019-02-27,—œ÷ÿŒ€»æ,301,362,250,322,18,54,1.36,91
qitaihe,2019-02-28,÷ÿ∂»Œ€»æ,206,347,165,225,12,32,0.98,81
qitaihe,2019-03-01,—œ÷ÿŒ€»æ,302,366,259,334,10,39,1.39,67
qitaihe,2019-03-02,«·∂»Œ€»æ,108,245,80,118,12,30,0.85,73
qitaihe,2019-03-03,¡º,82,212,57,106,8,28,0.72,76
qitaihe,2019-03-04,¡º,69,177,46,82,11,28,0.75,66
qitaihe,2019-03-05,¡º,91,216,66,111,14,30,0.82,67
qitaihe,2019-03-06,”≈,50,139,25,50,8,17,0.45,71
qitaihe,2019-03-07,”≈,50,125,25,53,8,20,0.47,64
qitaihe,2019-03-08,¡º,52,118,27,53,9,19,0.49,80
qitaihe,2019-03-09,«·∂»Œ€»æ,102,333,35,136,8,15,0.47,84
qitaihe,2019-03-10,”≈,40,60,22,38,10,21,0.55,66
qitaihe,2019-03-11,¡º,59,141,37,60,9,26,0.66,69
qitaihe,2019-03-12,¡º,72,228,45,77,7,25,0.64,60
qitaihe,2019-03-13,”≈,44,35,26,41,8,17,0.48,64
qitaihe,2019-03-14,”≈,44,53,25,40,8,17,0.47,74
qitaihe,2019-03-15,”≈,49,101,32,48,7,21,0.64,59
qitaihe,2019-03-16,”≈,49,68,30,43,10,21,0.58,65
qitaihe,2019-03-17,”≈,49,74,25,48,11,15,0.56,80
qitaihe,2019-03-18,¡º,73,233,39,87,8,17,0.65,97
qitaihe,2019-03-19,¡º,66,162,36,75,8,18,0.73,80
qitaihe,2019-03-20,—œ÷ÿŒ€»æ,316,356,273,350,10,43,1.57,101
qitaihe,2019-03-21,¡º,85,300,53,93,6,15,0.56,71
qitaihe,2019-03-22,”≈,43,127,19,24,7,20,0.53,81
qitaihe,2019-03-23,”≈,41,122,21,27,6,18,0.57,75
qitaihe,2019-03-24,”≈,47,102,22,40,5,16,0.62,84
qitaihe,2019-03-25,¡º,59,152,33,63,5,18,0.71,81
qitaihe,2019-03-26,¡º,58,144,27,64,4,7,0.53,84
qitaihe,2019-03-27,”≈,43,37,22,39,7,12,0.54,71
qitaihe,2019-03-28,”≈,48,86,26,48,6,13,0.55,70
qitaihe,2019-03-29,¡º,53,125,33,54,8,17,0.66,69
qitaihe,2019-03-30,¡º,68,213,47,74,9,21,0.77,82
qitaihe,2019-03-31,¡º,65,265,44,63,7,15,0.63,88
qitaihe,2019-04-01,¡º,78,309,53,83,7,21,0.76,69
qitaihe,2019-04-02,¡º,73,281,46,67,8,24,0.70,67
qitaihe,2019-04-03,¡º,64,216,38,74,9,14,0.61,92
qitaihe,2019-04-04,¡º,74,237,42,88,10,16,0.68,89
qitaihe,2019-04-05,”≈,43,66,23,28,6,10,0.57,86
qitaihe,2019-04-06,”≈,48,62,23,38,7,12,0.53,89
qitaihe,2019-04-07,”≈,41,37,17,30,6,13,0.56,75
qitaihe,2019-04-08,”≈,41,49,21,36,6,21,0.64,62
qitaihe,2019-04-09,”≈,44,101,20,40,6,18,0.62,70
qitaihe,2019-04-10,”≈,46,132,19,43,8,18,0.62,74
qitaihe,2019-04-11,”≈,49,165,24,45,6,17,0.62,76
qitaihe,2019-04-12,¡º,62,205,30,64,7,19,0.67,90
qitaihe,2019-04-13,¡º,66,220,36,76,7,16,0.72,90
qitaihe,2019-04-14,”≈,46,96,21,36,7,16,0.71,69
qitaihe,2019-04-15,¡º,58,148,30,63,7,17,0.71,84
qitaihe,2019-04-16,¡º,78,284,34,94,7,14,0.72,118
qitaihe,2019-04-17,¡º,83,261,40,93,7,19,0.71,134
qitaihe,2019-04-18,¡º,74,221,22,87,5,9,0.50,92
qitaihe,2019-04-19,¡º,54,102,18,56,8,12,0.54,80
qitaihe,2019-04-20,¡º,54,126,29,57,10,20,0.81,81
qitaihe,2019-04-21,«·∂»Œ€»æ,122,349,71,189,5,15,0.76,103
qitaihe,2019-04-22,¡º,74,256,43,89,10,18,0.80,93
qitaihe,2019-04-23,¡º,93,333,47,134,5,13,0.77,106
qitaihe,2019-04-24,«·∂»Œ€»æ,140,344,43,183,5,12,0.43,87
qitaihe,2019-04-25,”≈,42,71,19,37,4,14,0.36,69
qitaihe,2019-04-26,”≈,47,110,22,38,4,19,0.43,72
qitaihe,2019-04-27,¡º,53,165,25,49,5,20,0.41,79
qitaihe,2019-04-28,¡º,68,294,29,78,5,21,0.49,102
qitaihe,2019-04-29,¡º,69,284,33,69,7,20,0.56,104
qitaihe,2019-04-30,¡º,54,187,23,46,5,16,0.48,96
qitaihe,2019-05-01,”≈,37,39,15,27,3,14,0.43,71
qitaihe,2019-05-02,”≈,38,23,13,29,3,15,0.42,76
qitaihe,2019-05-03,¡º,51,73,17,43,4,21,0.47,81
qitaihe,2019-05-04,¡º,63,159,31,60,6,23,0.65,88
qitaihe,2019-05-05,¡º,62,192,29,67,4,11,0.47,90
qitaihe,2019-05-06,”≈,42,110,12,26,3,8,0.36,85
qitaihe,2019-05-07,”≈,47,120,15,31,4,11,0.37,90
qitaihe,2019-05-08,”≈,48,129,19,38,7,15,0.53,91
qitaihe,2019-05-09,”≈,44,94,14,34,5,15,0.44,84
qitaihe,2019-05-10,”≈,48,74,18,45,4,16,0.53,76
qitaihe,2019-05-11,¡º,59,90,17,65,4,17,0.45,86
qitaihe,2019-05-12,¡º,53,51,24,57,5,20,0.69,80
qitaihe,2019-05-13,¡º,63,161,22,70,6,16,0.48,93
qitaihe,2019-05-14,¡º,57,121,21,50,4,12,0.44,98
qitaihe,2019-05-15,¡º,66,212,24,64,3,12,0.40,110
qitaihe,2019-05-16,«·∂»Œ€»æ,112,324,42,151,3,11,0.38,119
qitaihe,2019-05-17,¡º,64,243,25,68,4,15,0.53,93
qitaihe,2019-05-18,”≈,47,128,23,46,3,13,0.67,80
qitaihe,2019-05-19,”≈,35,24,15,26,3,12,0.50,66
qitaihe,2019-05-20,”≈,43,77,10,19,4,15,0.42,83
qitaihe,2019-05-21,”≈,29,9,10,21,3,8,0.35,52
qitaihe,2019-05-22,”≈,29,6,10,18,2,9,0.33,58
qitaihe,2019-05-23,”≈,33,13,14,28,3,16,0.44,55
qitaihe,2019-05-24,”≈,45,35,17,37,6,17,0.51,78
qitaihe,2019-05-25,¡º,94,290,28,72,5,15,0.58,160
qitaihe,2019-05-26,¡º,71,292,22,55,3,14,0.48,106
qitaihe,2019-05-27,”≈,31,37,15,25,3,16,0.46,50
qitaihe,2019-05-28,”≈,39,94,9,24,2,8,0.34,71
qitaihe,2019-05-29,”≈,30,39,9,15,4,10,0.39,56
qitaihe,2019-05-30,”≈,41,81,14,29,3,15,0.54,72
qitaihe,2019-05-31,”≈,33,43,9,18,2,11,0.40,63
qitaihe,2019-06-01,”≈,34,51,12,25,3,16,0.42,65
qitaihe,2019-06-02,¡º,52,119,18,40,4,14,0.49,98
qitaihe,2019-06-03,”≈,37,45,16,30,6,15,0.50,67
qitaihe,2019-06-04,”≈,38,34,13,29,4,15,0.48,63
qitaihe,2019-06-05,”≈,41,77,14,31,5,16,0.51,72
qitaihe,2019-06-06,¡º,55,236,13,34,3,15,0.42,100
qitaihe,2019-06-07,”≈,41,109,15,30,5,17,0.55,68
qitaihe,2019-06-08,”≈,41,113,16,32,6,22,0.55,69
qitaihe,2019-06-09,”≈,43,136,16,33,6,23,0.57,68
qitaihe,2019-06-10,”≈,39,114,16,31,5,22,0.61,62
qitaihe,2019-06-11,”≈,35,74,16,34,6,35,0.46,28
qitaihe,2019-06-14,”≈,23,32,16,16,28,16,0.48,21
qitaihe,2019-06-15,”≈,19,20,12,11,8,17,0.37,40
qitaihe,2019-06-17,”≈,36,141,16,36,6,29,0.47,46
qitaihe,2019-06-18,”≈,31,144,18,29,6,21,0.55,53
qitaihe,2019-06-19,”≈,28,87,13,24,9,25,0.53,54
qitaihe,2019-06-20,”≈,21,35,12,16,6,21,0.43,46
qitaihe,2019-06-25,¡º,65,259,18,37,4,15,0.68,110
qitaihe,2019-06-26,¡º,60,249,20,43,4,17,0.66,103
qitaihe,2019-06-27,”≈,24,13,11,23,3,9,0.44,20
qitaihe,2019-06-28,”≈,18,6,9,15,3,7,0.48,21
qitaihe,2019-06-29,”≈,19,6,9,14,3,6,0.43,37
qitaihe,2019-06-30,”≈,24,14,9,15,3,7,0.40,45
qitaihe,2019-07-01,”≈,25,16,8,7,3,12,0.58,44
qitaihe,2019-07-02,”≈,30,32,11,16,4,11,0.51,60
qitaihe,2019-07-03,”≈,38,86,13,22,8,11,0.46,74
qitaihe,2019-07-04,”≈,48,153,14,24,13,14,0.50,91
qitaihe,2019-07-05,”≈,34,95,14,28,14,14,0.65,54
qitaihe,2019-07-06,”≈,34,87,15,31,8,16,0.69,55
qitaihe,2019-07-07,”≈,39,114,16,35,7,16,0.68,62
qitaihe,2019-07-12,”≈,40,195,12,45,11,28,0.68,37
qitaihe,2019-07-13,”≈,28,82,15,26,8,27,0.68,53
qitaihe,2019-07-14,”≈,16,9,9,12,8,18,0.57,40
qitaihe,2019-07-15,”≈,22,26,11,18,7,19,0.65,37
qitaihe,2019-07-16,”≈,17,12,7,13,9,16,0.55,45
qitaihe,2019-07-17,”≈,19,16,9,17,6,17,0.59,50
qitaihe,2019-07-18,”≈,37,188,13,39,5,23,0.67,67
qitaihe,2019-07-19,”≈,50,291,13,55,7,32,0.62,61
qitaihe,2019-07-20,”≈,43,225,14,44,8,26,0.89,56
qitaihe,2019-07-21,”≈,21,30,8,20,11,13,0.48,29
qitaihe,2019-07-22,”≈,13,6,7,9,6,16,0.55,26
qitaihe,2019-07-23,”≈,25,64,10,24,6,23,0.54,56
qitaihe,2019-07-24,”≈,28,86,11,24,7,24,0.49,65
qitaihe,2019-07-25,”≈,20,38,10,20,8,23,0.61,39
qitaihe,2019-07-26,”≈,30,85,11,29,7,24,0.63,50
qitaihe,2019-08-06,”≈,46,218,21,43,4,18,0.88,48
qitaihe,2019-08-07,”≈,25,20,11,22,4,12,0.74,42
qitaihe,2019-08-08,”≈,28,35,14,26,5,10,0.77,34
qitaihe,2019-08-09,”≈,19,6,7,11,4,11,0.71,41
qitaihe,2019-08-10,”≈,27,68,11,21,4,12,0.68,41
qitaihe,2019-08-11,”≈,21,42,11,20,4,13,0.83,19
qitaihe,2019-08-21,”≈,22,23,12,19,10,16,0.72,44
qitaihe,2019-08-22,”≈,29,51,14,27,9,17,0.67,56
qitaihe,2019-08-23,”≈,19,18,11,17,8,11,0.59,35
qitaihe,2019-08-24,”≈,15,4,9,13,6,13,0.48,28
qitaihe,2019-08-25,”≈,28,60,12,27,8,19,0.56,26
qitaihe,2019-08-26,”≈,34,123,17,35,9,18,0.92,46
qitaihe,2019-08-27,”≈,21,23,12,20,9,20,0.72,38
qitaihe,2019-08-28,”≈,33,138,16,32,7,21,0.69,53
qitaihe,2019-09-01,”≈,27,65,12,25,6,17,0.44,57
qitaihe,2019-09-02,”≈,24,69,11,19,6,16,0.65,54
qitaihe,2019-09-03,”≈,43,211,19,46,14,24,0.80,39
qitaihe,2019-09-04,”≈,43,181,20,45,11,20,0.76,60
qitaihe,2019-09-05,”≈,29,82,11,28,9,16,0.48,65
qitaihe,2019-09-06,¡º,53,238,16,64,10,21,0.64,40
qitaihe,2019-09-07,”≈,41,128,9,45,10,19,0.73,28
qitaihe,2019-09-08,”≈,17,10,6,11,9,11,0.40,54
qitaihe,2019-09-09,”≈,32,100,12,31,8,15,0.43,58
qitaihe,2019-09-10,”≈,35,157,8,35,7,14,0.40,43
qitaihe,2019-09-11,”≈,44,245,13,49,12,20,0.67,29
qitaihe,2019-09-12,”≈,39,192,17,41,10,27,0.52,52
qitaihe,2019-09-13,”≈,23,49,10,21,9,18,0.40,53
qitaihe,2019-09-14,”≈,31,137,10,24,7,17,0.38,56
qitaihe,2019-09-15,”≈,25,61,12,23,8,17,0.40,48
qitaihe,2019-09-16,”≈,39,157,13,40,8,18,0.35,46
qitaihe,2019-09-17,”≈,34,95,14,34,10,21,0.48,48
qitaihe,2019-09-18,”≈,37,140,10,39,7,9,0.25,53
qitaihe,2019-09-19,”≈,31,77,12,28,9,18,0.29,47
qitaihe,2019-09-20,”≈,36,95,19,35,13,34,0.57,43
qitaihe,2019-09-21,”≈,27,41,13,27,8,18,0.44,38
qitaihe,2019-09-22,”≈,36,76,16,36,9,22,0.48,37
qitaihe,2019-09-23,”≈,41,76,18,39,8,16,0.61,42
qitaihe,2019-09-24,”≈,43,80,15,47,12,19,0.52,44
qitaihe,2019-09-25,”≈,45,81,21,50,8,27,0.58,42
qitaihe,2019-09-26,¡º,63,215,30,78,21,47,0.81,38
qitaihe,2019-09-27,¡º,58,179,27,72,11,35,0.90,68
qitaihe,2019-09-28,¡º,58,145,23,67,11,28,0.81,69
qitaihe,2019-09-29,¡º,56,131,24,67,6,19,0.57,80
qitaihe,2019-09-30,”≈,46,69,17,51,12,25,0.63,49
qitaihe,2019-10-01,¡º,56,149,28,59,9,22,0.73,122
qitaihe,2019-10-02,¡º,55,172,26,59,8,23,0.61,121
qitaihe,2019-10-03,¡º,51,140,19,56,5,14,0.47,34
qitaihe,2019-10-04,”≈,29,93,13,27,5,14,0.42,25
qitaihe,2019-10-05,”≈,47,279,15,50,10,22,0.48,35
qitaihe,2019-10-06,”≈,29,104,13,27,6,22,0.50,59
qitaihe,2019-10-07,”≈,35,128,15,35,5,22,0.50,64
qitaihe,2019-10-08,”≈,26,57,11,23,6,12,0.40,50
qitaihe,2019-10-09,”≈,27,52,12,27,5,22,0.44,55
qitaihe,2019-10-10,”≈,44,162,21,49,7,22,0.59,82
qitaihe,2019-10-11,¡º,54,203,19,64,6,26,0.47,34
qitaihe,2019-10-12,¡º,59,253,23,70,12,36,0.66,29
qitaihe,2019-10-13,¡º,64,309,22,78,10,33,0.58,27
qitaihe,2019-10-14,¡º,63,333,21,76,12,29,0.52,36
qitaihe,2019-10-15,”≈,37,158,14,38,7,23,0.43,52
qitaihe,2019-10-16,¡º,72,328,22,94,10,36,0.55,41
qitaihe,2019-10-17,¡º,66,273,26,83,13,46,0.70,38
qitaihe,2019-10-18,¡º,64,255,26,78,17,46,0.83,40
qitaihe,2019-10-19,¡º,73,255,31,97,15,49,0.78,39
qitaihe,2019-10-20,¡º,68,186,38,87,12,39,1.00,65
qitaihe,2019-10-21,¡º,68,210,27,85,9,27,0.66,46
qitaihe,2019-10-22,¡º,78,251,30,107,16,46,0.89,28
qitaihe,2019-10-23,¡º,75,243,32,101,15,46,0.93,32
qitaihe,2019-10-24,¡º,71,254,31,93,18,43,0.82,53
qitaihe,2019-10-25,”≈,46,193,20,44,8,21,0.50,56
qitaihe,2019-10-26,”≈,22,48,12,19,6,24,0.46,42
qitaihe,2019-10-27,”≈,34,80,19,32,8,33,0.57,53
qitaihe,2019-10-28,¡º,59,169,34,69,15,40,0.99,47
qitaihe,2019-10-29,”≈,36,85,20,33,8,23,0.58,54
qitaihe,2019-10-30,”≈,25,14,15,23,7,27,0.49,50
qitaihe,2019-10-31,¡º,51,73,15,60,6,16,0.49,63
qitaihe,2019-10-31,¡º,51,73,15,60,6,16,0.49,63
qitaihe,2019-11-01,”≈,32,45,12,30,6,18,0.43,41
qitaihe,2019-11-02,”≈,39,64,16,40,8,23,0.48,47
qitaihe,2019-11-03,”≈,42,82,17,42,11,22,0.52,39
qitaihe,2019-11-04,”≈,48,80,23,54,13,34,0.65,36
qitaihe,2019-11-05,¡º,63,170,25,81,11,25,0.70,39
qitaihe,2019-11-06,”≈,32,48,16,32,10,22,0.52,44
qitaihe,2019-11-07,”≈,34,64,16,31,7,16,0.41,47
qitaihe,2019-11-08,”≈,38,57,18,39,11,22,0.53,51
qitaihe,2019-11-09,”≈,45,56,23,44,11,34,0.66,32
qitaihe,2019-11-10,¡º,67,150,34,85,17,37,0.92,35
qitaihe,2019-11-11,”≈,38,52,26,29,8,28,0.68,46
qitaihe,2019-11-12,”≈,47,90,18,51,9,32,0.61,40
qitaihe,2019-11-13,”≈,31,39,19,27,8,25,0.68,34
qitaihe,2019-11-14,”≈,37,70,24,24,9,29,0.62,45
qitaihe,2019-11-15,”≈,26,19,18,19,10,20,0.48,53
qitaihe,2019-11-16,”≈,26,20,17,21,8,18,0.49,53
qitaihe,2019-11-17,”≈,46,75,30,43,18,35,0.76,35
qitaihe,2019-11-18,”≈,39,75,23,38,11,22,0.63,45
qitaihe,2019-11-19,”≈,34,55,16,32,10,20,0.40,52
qitaihe,2019-11-20,”≈,44,61,30,32,12,37,0.51,45
qitaihe,2019-11-21,¡º,94,303,69,91,20,55,1.15,29
qitaihe,2019-11-22,¡º,55,117,36,56,21,37,0.73,44
qitaihe,2019-11-23,”≈,36,49,24,30,11,20,0.47,54
qitaihe,2019-11-24,”≈,43,127,21,42,8,18,0.37,40
qitaihe,2019-11-25,”≈,49,255,22,54,8,21,0.38,41
qitaihe,2019-11-26,”≈,41,137,24,41,9,24,0.52,42
qitaihe,2019-11-27,”≈,48,195,21,51,6,14,0.40,45
qitaihe,2019-11-28,”≈,42,172,20,41,11,23,0.40,43
qitaihe,2019-11-29,¡º,58,208,32,63,13,30,0.66,35
qitaihe,2019-11-30,¡º,59,195,33,66,14,35,0.77,36
qitaihe,2019-12-01,¡º,58,217,38,59,11,28,0.67,39
qitaihe,2019-12-02,¡º,83,302,56,95,12,35,0.98,30
qitaihe,2019-12-03,¡º,55,147,23,66,9,19,0.60,43
qitaihe,2019-12-04,¡º,57,140,23,68,11,17,0.58,42
qitaihe,2019-12-05,”≈,50,128,26,51,8,22,0.52,40
qitaihe,2019-12-06,”≈,46,100,24,46,8,27,0.55,38
qitaihe,2019-12-07,¡º,60,129,28,71,12,26,0.57,40
qitaihe,2019-12-08,¡º,76,158,53,91,14,37,0.86,30
qitaihe,2019-12-09,¡º,74,130,42,95,22,38,0.87,27
qitaihe,2019-12-10,«·∂»Œ€»æ,131,279,98,150,15,49,1.28,18
qitaihe,2019-12-11,«·∂»Œ€»æ,115,268,85,128,12,43,1.13,22
qitaihe,2019-12-12,¡º,60,106,41,56,13,32,0.60,39
qitaihe,2019-12-13,”≈,47,45,32,44,10,30,0.66,38
qitaihe,2019-12-14,¡º,72,163,52,63,14,29,0.68,34
qitaihe,2019-12-15,¡º,62,151,43,58,11,38,0.95,31
qitaihe,2019-12-16,«·∂»Œ€»æ,124,335,94,146,19,57,1.69,16
qitaihe,2019-12-17,¡º,88,285,64,79,12,32,0.95,27
qitaihe,2019-12-18,¡º,67,269,48,61,20,44,0.73,26
qitaihe,2019-12-19,¡º,90,322,66,93,16,54,1.00,21
qitaihe,2019-12-20,¡º,67,216,48,58,9,45,0.83,35
qitaihe,2019-12-21,¡º,92,270,68,86,16,59,1.16,23
qitaihe,2019-12-22,÷–∂»Œ€»æ,194,338,152,194,19,79,1.89,18
qitaihe,2019-12-23,÷–∂»Œ€»æ,193,333,153,191,16,70,1.63,23
qitaihe,2019-12-24,¡º,74,207,53,60,13,52,1.02,28
qitaihe,2019-12-25,¡º,100,271,74,93,17,42,0.87,27
qitaihe,2019-12-26,«·∂»Œ€»æ,134,348,101,125,17,51,1.09,24
qitaihe,2019-12-27,÷–∂»Œ€»æ,161,359,124,160,19,64,1.21,18
qitaihe,2019-12-28,÷–∂»Œ€»æ,174,349,134,173,20,65,1.32,16
qitaihe,2019-12-29,«·∂»Œ€»æ,122,295,91,125,20,44,0.97,28
qitaihe,2019-12-30,¡º,69,158,50,58,23,28,0.63,38
qitaihe,2019-12-31,¡º,59,222,36,55,20,26,0.55,44
sanya,2016-01-01,”≈,41,15,16,25,3,11,0.69,82
sanya,2016-01-02,”≈,47,30,20,30,3,17,0.78,93
sanya,2016-01-03,”≈,37,16,19,32,3,26,0.84,58
sanya,2016-01-04,”≈,23,1,9,17,2,15,0.69,37
sanya,2016-01-05,”≈,28,5,11,23,3,22,0.84,27
sanya,2016-01-06,”≈,30,17,16,26,3,14,0.71,49
sanya,2016-01-07,”≈,44,73,17,29,3,8,0.65,90
sanya,2016-01-08,”≈,42,46,14,30,3,8,0.65,84
sanya,2016-01-09,”≈,46,51,21,39,4,8,0.69,90
sanya,2016-01-10,”≈,45,61,20,39,4,9,0.72,81
sanya,2016-01-11,”≈,39,77,18,38,2,19,0.79,43
sanya,2016-01-12,”≈,28,15,13,18,1,11,0.89,54
sanya,2016-01-13,”≈,34,18,9,16,1,7,0.80,70
sanya,2016-01-14,”≈,40,19,11,19,2,7,0.74,76
sanya,2016-01-15,”≈,35,31,16,34,2,14,0.83,52
sanya,2016-01-16,”≈,34,15,17,33,2,24,0.95,24
sanya,2016-01-17,”≈,35,31,17,35,2,21,0.89,22
sanya,2016-01-18,”≈,33,11,17,24,2,11,1.07,58
sanya,2016-01-19,”≈,37,21,4,11,1,7,0.89,76
sanya,2016-01-20,”≈,39,25,11,22,2,15,0.84,54
sanya,2016-01-21,”≈,37,66,18,35,3,29,1.03,26
sanya,2016-01-22,”≈,37,77,15,36,3,26,0.98,19
sanya,2016-01-23,”≈,21,11,6,18,2,13,1.02,22
sanya,2016-01-24,”≈,25,2,3,10,1,8,0.76,53
sanya,2016-01-25,”≈,38,18,18,24,2,7,0.62,64
sanya,2016-01-26,”≈,43,28,22,38,3,20,0.67,65
sanya,2016-01-27,”≈,35,27,19,32,3,29,0.69,44
sanya,2016-01-28,”≈,42,61,23,39,4,44,1.06,23
sanya,2016-01-29,”≈,33,35,16,27,3,28,0.90,31
sanya,2016-01-30,”≈,26,7,7,15,2,11,0.55,52
sanya,2016-01-31,”≈,29,9,9,21,3,7,0.53,53
sanya,2016-02-01,”≈,26,37,10,20,2,11,0.68,47
sanya,2016-02-02,”≈,21,5,7,13,2,13,0.96,38
sanya,2016-02-03,”≈,34,5,9,15,3,10,0.92,70
sanya,2016-02-04,”≈,43,30,16,27,3,7,0.71,84
sanya,2016-02-05,”≈,42,58,23,32,3,11,0.85,78
sanya,2016-02-06,”≈,49,65,33,38,4,8,0.85,81
sanya,2016-02-07,¡º,74,121,45,75,10,10,0.69,117
sanya,2016-02-08,¡º,71,36,47,72,12,10,0.57,97
sanya,2016-02-09,¡º,58,64,29,51,6,8,0.61,101
sanya,2016-02-10,”≈,45,26,22,43,5,12,0.64,74
sanya,2016-02-11,”≈,36,8,17,35,4,10,0.67,48
sanya,2016-02-12,”≈,30,7,16,28,4,11,0.71,38
sanya,2016-02-13,”≈,35,54,21,33,4,17,0.80,29
sanya,2016-02-14,”≈,35,98,19,34,3,14,0.81,34
sanya,2016-02-15,”≈,36,71,19,30,3,11,0.97,54
sanya,2016-02-16,”≈,35,24,12,18,3,11,0.85,66
sanya,2016-02-17,”≈,34,9,13,23,3,12,0.74,69
sanya,2016-02-18,”≈,40,14,19,30,5,14,0.75,80
sanya,2016-02-19,”≈,41,21,19,34,3,10,0.73,77
sanya,2016-02-20,”≈,30,4,13,25,3,8,0.78,57
sanya,2016-02-21,”≈,43,25,18,30,3,7,0.77,87
sanya,2016-02-22,”≈,46,38,23,44,4,10,0.71,79
sanya,2016-02-23,”≈,43,82,24,43,6,10,0.69,62
sanya,2016-02-24,”≈,33,37,7,17,3,11,0.81,61
sanya,2016-02-25,”≈,38,27,5,13,3,10,0.74,76
sanya,2016-02-26,”≈,37,27,8,15,3,18,0.71,72
sanya,2016-02-27,”≈,32,12,15,22,3,19,0.76,64
sanya,2016-02-28,”≈,44,39,22,38,3,18,0.84,77
sanya,2016-02-29,¡º,60,130,22,41,4,17,0.74,115
sanya,2016-03-01,¡º,63,95,28,61,3,13,0.60,108
sanya,2016-03-02,¡º,55,38,23,51,2,7,0.57,102
sanya,2016-03-03,”≈,48,24,20,43,2,10,0.54,86
sanya,2016-03-04,”≈,34,4,14,30,2,9,0.50,63
sanya,2016-03-05,”≈,28,2,11,25,2,10,0.50,48
sanya,2016-03-06,”≈,27,2,12,26,2,16,0.56,37
sanya,2016-03-07,”≈,25,1,10,22,2,13,0.55,41
sanya,2016-03-08,”≈,29,5,11,22,2,12,0.56,55
sanya,2016-03-09,”≈,26,15,10,22,2,12,0.53,41
sanya,2016-03-10,”≈,28,40,12,27,2,14,0.59,36
sanya,2016-03-11,”≈,21,1,6,19,2,14,0.70,35
sanya,2016-03-12,”≈,29,3,6,19,3,27,0.72,52
sanya,2016-03-13,”≈,38,33,18,37,3,33,0.90,31
sanya,2016-03-14,”≈,28,5,14,26,2,28,0.90,24
sanya,2016-03-15,”≈,32,5,14,25,2,19,0.87,52
sanya,2016-03-16,”≈,37,11,17,35,3,29,0.91,37
sanya,2016-03-17,”≈,31,5,15,30,3,15,0.66,37
sanya,2016-03-18,”≈,30,2,16,27,3,9,0.56,51
sanya,2016-03-19,”≈,28,3,13,27,3,14,0.57,34
sanya,2016-03-20,”≈,23,3,10,20,2,5,0.52,43
sanya,2016-03-21,”≈,28,4,15,25,3,6,0.59,53
sanya,2016-03-22,”≈,32,28,15,31,3,6,0.60,57
sanya,2016-03-23,”≈,28,22,12,25,3,8,0.60,51
sanya,2016-03-24,”≈,34,32,11,29,4,16,0.74,49
sanya,2016-03-25,”≈,30,2,6,16,3,15,0.82,51
sanya,2016-03-26,”≈,42,16,18,34,4,11,0.73,88
sanya,2016-03-27,¡º,82,230,29,50,5,13,0.67,146
sanya,2016-03-28,¡º,94,268,26,49,5,11,0.64,143
sanya,2016-03-29,¡º,72,130,23,45,4,9,0.63,121
sanya,2016-03-30,¡º,52,40,24,49,2,13,0.69,91
sanya,2016-03-31,”≈,41,11,20,40,2,16,0.70,54
sanya,2016-04-01,”≈,37,6,15,35,3,16,0.72,36
sanya,2016-04-02,”≈,25,1,11,23,2,8,0.64,41
sanya,2016-04-03,”≈,25,1,12,24,2,7,0.62,38
sanya,2016-04-04,”≈,26,4,12,24,3,9,0.49,36
sanya,2016-04-05,”≈,26,3,13,25,1,6,0.55,44
sanya,2016-04-06,”≈,27,6,12,24,1,6,0.62,48
sanya,2016-04-07,”≈,27,6,12,25,2,9,0.63,43
sanya,2016-04-08,”≈,25,3,12,24,1,9,0.61,38
sanya,2016-04-09,”≈,23,1,12,22,1,7,0.59,37
sanya,2016-04-10,”≈,28,8,13,26,1,7,0.60,49
sanya,2016-04-11,”≈,45,53,24,44,1,10,0.68,61
sanya,2016-04-12,”≈,38,26,18,37,1,7,0.62,62
sanya,2016-04-13,”≈,48,59,25,47,1,11,0.68,71
sanya,2016-04-14,”≈,50,65,27,51,1,11,0.70,69
sanya,2016-04-15,”≈,49,64,27,49,1,7,0.67,71
sanya,2016-04-16,”≈,48,108,28,48,1,6,0.64,71
sanya,2016-04-17,”≈,42,59,21,41,2,7,0.60,44
sanya,2016-04-18,”≈,35,9,16,34,2,12,0.61,35
sanya,2016-04-19,”≈,35,7,17,34,2,9,0.64,47
sanya,2016-04-20,”≈,24,2,11,22,2,8,0.53,35
sanya,2016-04-21,”≈,26,1,12,25,2,7,0.55,40
sanya,2016-04-22,”≈,26,1,10,24,2,9,0.55,38
sanya,2016-04-23,”≈,39,42,12,23,2,18,0.74,77
sanya,2016-04-24,”≈,37,36,14,31,2,27,0.84,54
sanya,2016-04-25,”≈,37,31,15,37,2,16,0.77,36
sanya,2016-04-26,”≈,25,4,9,23,2,9,0.63,32
sanya,2016-04-27,”≈,34,8,17,32,2,18,0.75,29
sanya,2016-04-28,”≈,33,4,15,32,1,18,0.82,37
sanya,2016-04-29,”≈,34,5,15,33,1,23,0.82,35
sanya,2016-04-30,”≈,32,3,13,30,2,17,0.76,35
sanya,2016-05-01,”≈,29,1,13,28,3,11,0.67,24
sanya,2016-05-02,”≈,27,2,12,26,2,7,0.60,32
sanya,2016-05-03,”≈,24,1,11,22,2,7,0.54,28
sanya,2016-05-04,”≈,27,2,15,25,1,7,0.52,32
sanya,2016-05-05,”≈,26,1,12,25,1,7,0.54,27
sanya,2016-05-06,”≈,23,1,10,22,2,8,0.53,28
sanya,2016-05-07,”≈,23,2,8,21,2,8,0.53,32
sanya,2016-05-08,”≈,21,2,10,19,2,7,0.53,29
sanya,2016-05-09,”≈,22,2,9,20,2,6,0.52,34
sanya,2016-05-10,”≈,23,3,11,22,2,7,0.52,32
sanya,2016-05-11,”≈,29,1,14,27,2,11,0.60,48
sanya,2016-05-12,”≈,32,5,11,23,2,8,0.61,56
sanya,2016-05-13,”≈,35,9,13,25,2,18,0.68,66
sanya,2016-05-14,”≈,27,3,8,20,2,7,0.59,50
sanya,2016-05-15,”≈,23,1,9,19,2,8,0.56,43
sanya,2016-05-16,”≈,29,4,9,18,3,13,0.64,52
sanya,2016-05-17,”≈,43,26,18,37,3,10,0.73,76
sanya,2016-05-18,¡º,51,34,14,28,3,8,0.70,86
sanya,2016-05-19,”≈,24,1,10,21,3,9,0.63,34
sanya,2016-05-20,”≈,21,1,8,20,2,10,0.59,37
sanya,2016-05-21,”≈,38,66,12,27,2,12,0.70,72
sanya,2016-05-22,”≈,35,46,12,21,3,12,0.73,71
sanya,2016-05-23,”≈,44,94,18,32,3,14,0.88,91
sanya,2016-05-24,”≈,34,20,10,20,3,6,0.71,57
sanya,2016-05-25,”≈,19,2,5,12,3,5,0.59,30
sanya,2016-05-26,”≈,20,3,6,15,2,10,0.61,30
sanya,2016-05-27,”≈,22,3,9,20,2,15,0.73,35
sanya,2016-05-28,”≈,33,42,13,31,2,14,0.76,44
sanya,2016-05-29,”≈,32,27,12,30,2,18,0.78,29
sanya,2016-05-30,”≈,32,23,11,31,2,11,0.74,36
sanya,2016-05-31,”≈,26,8,8,21,2,4,0.60,50
sanya,2016-06-01,”≈,25,3,7,20,4,7,0.58,53
sanya,2016-06-02,”≈,32,28,9,22,3,10,0.58,57
sanya,2016-06-03,”≈,35,44,11,23,2,9,0.61,71
sanya,2016-06-04,”≈,35,34,11,25,3,11,0.62,68
sanya,2016-06-05,”≈,35,31,12,25,3,12,0.66,59
sanya,2016-06-06,”≈,34,16,8,19,2,10,0.57,68
sanya,2016-06-07,”≈,32,17,10,23,3,12,0.61,55
sanya,2016-06-08,”≈,29,10,6,18,2,11,0.57,54
sanya,2016-06-09,”≈,28,14,7,18,2,9,0.59,57
sanya,2016-06-10,”≈,33,46,10,24,2,17,0.69,58
sanya,2016-06-11,”≈,38,98,14,29,2,18,0.72,61
sanya,2016-06-12,”≈,38,88,12,27,2,14,0.70,67
sanya,2016-06-13,”≈,36,55,13,27,2,16,0.63,64
sanya,2016-06-14,”≈,34,36,9,25,3,16,0.49,62
sanya,2016-06-15,”≈,33,45,8,22,3,11,0.50,65
sanya,2016-06-16,”≈,31,26,7,24,3,13,0.53,53
sanya,2016-06-17,”≈,26,11,5,19,3,14,0.51,44
sanya,2016-06-18,”≈,22,8,4,16,3,9,0.49,40
sanya,2016-06-19,”≈,15,1,3,13,3,8,0.47,23
sanya,2016-06-20,”≈,17,4,4,15,3,8,0.48,24
sanya,2016-06-21,”≈,18,4,5,17,2,11,0.55,20
sanya,2016-06-22,”≈,16,2,3,14,2,9,0.55,23
sanya,2016-06-23,”≈,16,2,2,12,2,10,0.58,29
sanya,2016-06-24,”≈,18,1,5,14,3,9,0.58,34
sanya,2016-06-25,”≈,18,3,6,16,2,14,0.62,23
sanya,2016-06-26,”≈,19,3,4,16,3,9,0.60,27
sanya,2016-06-27,”≈,18,2,4,11,3,6,0.62,34
sanya,2016-06-28,”≈,17,1,4,14,2,8,0.56,29
sanya,2016-06-29,”≈,18,2,7,15,2,14,0.64,22
sanya,2016-06-30,”≈,26,29,9,25,3,8,0.58,40
sanya,2016-07-01,”≈,27,60,9,26,3,5,0.56,45
sanya,2016-07-02,”≈,29,57,10,27,3,10,0.62,38
sanya,2016-07-03,”≈,25,36,8,24,3,13,0.61,26
sanya,2016-07-04,”≈,24,30,8,22,3,13,0.60,34
sanya,2016-07-05,”≈,25,30,7,23,3,10,0.55,32
sanya,2016-07-06,”≈,25,27,9,24,3,8,0.56,38
sanya,2016-07-07,”≈,20,6,6,15,3,9,0.53,32
sanya,2016-07-08,”≈,21,6,6,18,3,9,0.54,27
sanya,2016-07-09,”≈,20,15,5,13,3,7,0.53,40
sanya,2016-07-10,”≈,24,11,7,19,3,9,0.56,47
sanya,2016-07-11,”≈,27,12,9,24,3,11,0.57,44
sanya,2016-07-12,”≈,27,22,10,24,4,14,0.58,33
sanya,2016-07-13,”≈,24,14,7,19,3,11,0.58,42
sanya,2016-07-14,”≈,31,55,11,28,3,8,0.59,52
sanya,2016-07-15,”≈,30,35,11,28,4,10,0.62,39
sanya,2016-07-16,”≈,28,27,10,25,4,6,0.60,52
sanya,2016-07-17,”≈,27,24,10,24,4,5,0.59,51
sanya,2016-07-18,”≈,29,40,11,27,3,5,0.58,52
sanya,2016-07-19,”≈,28,30,9,26,2,5,0.52,45
sanya,2016-07-20,”≈,23,15,8,21,1,4,0.45,32
sanya,2016-07-21,”≈,16,1,4,13,2,4,0.43,26
sanya,2016-07-22,”≈,16,4,5,14,2,7,0.48,19
sanya,2016-07-23,”≈,16,3,5,13,2,6,0.46,23
sanya,2016-07-24,”≈,20,6,6,17,2,9,0.49,22
sanya,2016-07-25,”≈,22,5,7,18,2,10,0.48,22
sanya,2016-07-26,”≈,25,11,9,24,2,13,0.53,23
sanya,2016-07-27,”≈,23,5,9,20,2,9,0.56,41
sanya,2016-07-28,”≈,20,4,8,19,2,10,0.64,30
sanya,2016-07-29,”≈,19,1,6,16,2,9,0.59,30
sanya,2016-07-30,”≈,20,3,5,15,2,9,0.53,29
sanya,2016-07-31,”≈,22,7,8,20,2,11,0.54,32
